domain,permutation,distance,ips,ips.geo.region,ips.geo.country,ips.geo.asn.number,ips.geo.asn.org,httpBanner,technologies,classification.legitimate,classification.parked,classification.phishing,whois,dnsAaaa,dnsMx,dnsTxt,dnsCname,dnsNs,registration_metadata,domainStatus,pageRank
supervalue.ie,Addition,1,104.247.81.99,NA,CA,206834,Team Internet AG,,,,,,,,mail.h-email.net.,v=spf1 ip6:fd1b:212c:a5f9::/48 -all,,"ns1.fastpark.net.,ns2.fastpark.net.",,"{""domain"":""supervalue.ie"",""status"":""active"",""tags"":""country geo"",""zone"":""ie"",""scope"":null,""offers"":[]}",null
supervalumobile.ie,Keyword,6,185.53.179.126,EU,DE,206834,Team Internet AG,,,,,,,,,,,"ns3.blacknight.com.,ns1.blacknight.com.,ns2.blacknight.com.,ns4.blacknight.com.",,"{""domain"":""supervalumobile.ie"",""status"":""active"",""tags"":""country geo"",""zone"":""ie"",""scope"":null,""offers"":[]}",null
supervalu.ca,Tld,2,,,,,,,,,,,"{""rdapConformance"":[""icann_rdap_response_profile_1"",""icann_rdap_technical_implementation_guide_1"",""rdap_level_0""],""notices"":[{""title"":""Status Codes"",""description"":[""For more information on domain status codes, please visit https://icann.org/epp""],""links"":[{""value"":""https://rdap.ca.fury.ca/rdap/domain/supervalu.ca"",""rel"":""glossary"",""href"":""https://icann.org/epp"",""type"":""text/html""}]},{""title"":""Terms of Service"",""description"":[""Service subject to Terms of Use.""],""links"":[{""value"":""https://rdap.ca.fury.ca/rdap/domain/supervalu.ca"",""rel"":""terms-of-service"",""href"":""https://www.cira.ca/en/resources/documents/about/website-terms-use"",""type"":""text/html""}]},{""title"":""RDDS Inaccuracy Complaint Form"",""description"":[""URL of the ICANN RDDS Inaccuracy Complaint Form: https://icann.org/wicf""],""links"":[{""value"":""https://rdap.ca.fury.ca/rdap/domain/supervalu.ca"",""rel"":""help"",""href"":""https://icann.org/wicf"",""type"":""text/html""}]},{""title"":""Legal Notice"",""description"":[""\nUse of CIRA's WHOIS service is governed by the Terms of Use in its Legal\nNotice, available at https://www.cira.ca/en/resources/documents/about/website-terms-use\n\n(c) 2026 Canadian Internet Registration Authority, (http://www.cira.ca/)""],""links"":[{""value"":""https://rdap.ca.fury.ca/rdap/domain/supervalu.ca"",""rel"":""help"",""href"":""https://www.cira.ca/en/resources/documents/about/website-terms-use"",""type"":""text/html""}]}],""objectClassName"":""domain"",""handle"":""78130145-CIRA"",""links"":[{""value"":""https://rdap.ca.fury.ca/rdap/domain/supervalu.ca"",""rel"":""self"",""href"":""https://rdap.ca.fury.ca/rdap/domain/supervalu.ca"",""title"":""Authoritative URL for this resource"",""type"":""application/rdap+json""},{""value"":""https://rdap.ca.fury.ca/rdap/domain/supervalu.ca"",""rel"":""related"",""href"":""https://www.webnames.ca/rdap/domain/supervalu.ca"",""title"":""Registrar's RDAP URL"",""type"":""application/rdap+json""}],""events"":[{""eventAction"":""registration"",""eventDate"":""2019-09-25T20:03:08Z""},{""eventAction"":""expiration"",""eventDate"":""2026-09-25T20:03:08Z""},{""eventAction"":""last changed"",""eventDate"":""2026-02-09T16:01:11Z""},{""eventAction"":""last update of RDAP database"",""eventDate"":""2026-05-02T14:24:51Z""}],""status"":[""client transfer prohibited""],""port43"":""whois.ca.fury.ca"",""entities"":[{""objectClassName"":""entity"",""handle"":""456"",""links"":[{""value"":""https://www.webnames.ca/rdap/"",""rel"":""about"",""href"":""webnames.ca"",""title"":""Registrar's RDAP URL"",""type"":""application/rdap+json""}],""entities"":[{""objectClassName"":""entity"",""handle"":""456"",""vcardArray"":[""vcard"",[[""version"",{},""text"",""4.0""],[""fn"",{},""text"",""Abuse Contact""],[""kind"",{},""text"",""individual""],[""role"",{},""text"",""abuse""],[""adr"",{},""text"",["""","""","""","""","""","""",""""]],[""tel"",{""type"":[""voice""]},""uri"",""tel:+1.8662217878""],[""email"",{},""text"",""abuse@webnames.ca""],[""url"",{""type"":""home""},""uri"",""webnames.ca""]]],""roles"":[""abuse""]}],""vcardArray"":[""vcard"",[[""version"",{},""text"",""4.0""],[""fn"",{},""text"",""Webnames.ca Inc.""],[""kind"",{},""text"",""org""],[""role"",{},""text"",""registrar""],[""adr"",{},""text"",["""","""","""","""","""","""",""""]],[""url"",{""type"":""home""},""uri"",""webnames.ca""]]],""roles"":[""registrar""],""publicIds"":[{""type"":""IANA Registrar ID"",""identifier"":""456""}]},{""objectClassName"":""entity"",""handle"":""R16188-CIRA"",""vcardArray"":[""vcard"",[[""version"",{},""text"",""4.0""],[""fn"",{},""text"",""Loblaws Inc.""],[""kind"",{},""text"",""individual""],[""role"",{},""text"",""registrant""],[""adr"",{""cc"":""CA""},""text"",["""","""",[""22 St. Clair Ave East"","" Suite 701""],""Toronto"",""ON"",""M4T2S5"",""""]],[""tel"",{""type"":[""voice""]},""uri"",""tel:+1.4169221383;ext=5299""],[""email"",{},""text"",""domainreg@weston.ca""],[""url"",{""type"":""home""},""uri"",""webnames.ca""]]],""roles"":[""registrant""]},{""objectClassName"":""entity"",""handle"":""C873884-CIRA"",""vcardArray"":[""vcard"",[[""version"",{},""text"",""4.0""],[""fn"",{},""text"",""Service Desk""],[""kind"",{},""text"",""individual""],[""org"",{},""text"",""Loblaws Inc.""],[""role"",{},""text"",""administrative""],[""adr"",{""cc"":""CA""},""text"",["""","""",[""22 St. Clair Ave East"","" Suite 701""],""Toronto"",""ON"",""M4T2S5"",""""]],[""tel"",{""type"":[""voice""]},""uri"",""tel:+1.4169221383;ext=5299""],[""email"",{},""text"",""domainreg@weston.ca""],[""url"",{""type"":""home""},""uri"",""webnames.ca""]]],""roles"":[""administrative""]},{""objectClassName"":""entity"",""handle"":""C873885-CIRA"",""vcardArray"":[""vcard"",[[""version"",{},""text"",""4.0""],[""fn"",{},""text"",""Service Desk""],[""kind"",{},""text"",""individual""],[""org"",{},""text"",""Loblaws Inc.""],[""role"",{},""text"",""technical""],[""adr"",{""cc"":""CA""},""text"",["""","""",[""22 St. Clair Ave East"","" Suite 701""],""Toronto"",""ON"",""M4T2S5"",""""]],[""tel"",{""type"":[""voice""]},""uri"",""tel:+1.4169221383;ext=5299""],[""email"",{},""text"",""domainreg@weston.ca""],[""url"",{""type"":""home""},""uri"",""webnames.ca""]]],""roles"":[""technical""]},{""objectClassName"":""entity"",""vcardArray"":[""vcard"",[[""version"",{},""text"",""4.0""],[""fn"",{},""text"",""""],[""kind"",{},""text"",""individual""],[""org"",{},""text"",""""],[""role"",{},""text"",""billing""],[""adr"",{},""text"",["""","""","""","""","""","""",""""]],[""tel"",{""type"":[""voice""]},""text"",""""],[""tel"",{""type"":[""fax""]},""text"",""""],[""email"",{},""text"",""""],[""url"",{""type"":""home""},""uri"",""webnames.ca""]]],""roles"":[""billing""]}],""ldhName"":""supervalu.ca"",""unicodeName"":""supervalu.ca"",""secureDNS"":{""delegationSigned"":false},""nameservers"":[{""objectClassName"":""nameserver"",""ldhName"":""ns1.webnames.ca""},{""objectClassName"":""nameserver"",""ldhName"":""ns2.webnames.ca""},{""objectClassName"":""nameserver"",""ldhName"":""ns3.webnames.ca""}]}",,,,,"ns1.webnames.ca.,ns2.webnames.ca.,ns3.webnames.ca.","{""registration_date"":""2019-09-25T20:03:08Z"",""expiration_date"":""2026-09-25T20:03:08Z"",""updated_on"":""2026-02-09T16:01:11Z"",""status_codes"":[""ClientTransferProhibited""],""registrar"":""Webnames.ca Inc."",""registrar_iana_id"":""456"",""registrar_abuse_contact"":""N/A"",""url"":""https://rdap.ca.fury.ca/rdap/domain/supervalu.ca"",""server"":null,""nameservers"":[""ns1.webnames.ca"",""ns2.webnames.ca"",""ns3.webnames.ca""],""dnssec_status"":""Unsigned"",""delegation_signer"":null,""privacy_proxy"":null,""icann_complaint_link"":""https://icann.org/wicf"",""reseller"":""N/A"",""timeline"":[{""Registration"":""2019-09-25T20:03:08Z""},{""Expiration"":""2026-09-25T20:03:08Z""},{""LastChanged"":""2026-02-09T16:01:11Z""}]}","{""domain"":""supervalu.ca"",""status"":""marketed active"",""tags"":""country geo"",""zone"":""ca"",""scope"":null,""offers"":[]}",null
supervalu.cloud,Tld,5,,,,,,,,,,,"{""rdapConformance"":[""rdap_level_0"",""icann_rdap_response_profile_1"",""icann_rdap_technical_implementation_guide_1"",""redacted""],""notices"":[{""title"":""Terms of Service"",""description"":[""The WHOIS information provided in this page has been redacted"",""in compliance with ICANN's Temporary Specification for gTLD"",""Registration Data."","""",""The data in this record is provided by Tucows Registry for informational"",""purposes only, and it does not guarantee its accuracy. Tucows Registry is"",""authoritative for whois information in top-level domains it operates"",""under contract with the Internet Corporation for Assigned Names and"",""Numbers. Whois information from other top-level domains is provided by"",""a third-party under license to Tucows Registry."","""",""This service is intended only for query-based access. By using this"",""service, you agree that you will use any data presented only for lawful"",""purposes and that, under no circumstances will you use (a) data"",""acquired for the purpose of allowing, enabling, or otherwise supporting"",""the transmission by e-mail, telephone, facsimile or other"",""communications mechanism of mass  unsolicited, commercial advertising"",""or solicitations to entities other than your existing  customers; or"",""(b) this service to enable high volume, automated, electronic processes"",""that send queries or data to the systems of any Registrar or any"",""Registry except as reasonably necessary to register domain names or"",""modify existing domain name registrations."","""",""Tucows Registry reserves the right to modify these terms at any time. By"",""submitting this query, you agree to abide by this policy. All rights"",""reserved.""],""links"":[{""value"":""https://rdap.registry.cloud/rdap/domain/supervalu.cloud"",""rel"":""terms-of-service"",""href"":""https://rdap.registry.cloud/"",""type"":""text/html""}]},{""title"":""Status Codes"",""description"":[""For more information on domain status codes, please visit https://icann.org/epp""],""links"":[{""value"":""https://rdap.registry.cloud/rdap/domain/supervalu.cloud"",""rel"":""glossary"",""href"":""https://icann.org/epp"",""type"":""text/html""}]},{""title"":""RDDS Inaccuracy Complaint Form"",""description"":[""URL of the ICANN RDDS Inaccuracy Complaint Form: https://icann.org/wicf""],""links"":[{""value"":""https://rdap.registry.cloud/rdap/domain/supervalu.cloud"",""rel"":""help"",""href"":""https://icann.org/wicf"",""type"":""text/html""}]}],""objectClassName"":""domain"",""handle"":""DB4498A281BE14726932B7986A5FD09CF-NSR"",""links"":[{""value"":""https://rdap.registry.cloud/rdap/domain/supervalu.cloud"",""rel"":""related"",""href"":""https://rdap.comlaude.com/rdap/domain/supervalu.cloud"",""type"":""application/rdap+json""},{""value"":""https://rdap.registry.cloud/rdap/domain/supervalu.cloud"",""rel"":""self"",""href"":""https://rdap.registry.cloud/rdap/domain/supervalu.cloud"",""type"":""application/rdap+json""}],""events"":[{""eventAction"":""registration"",""eventActor"":""godaddy"",""eventDate"":""2017-09-19T18:21:07.166Z""},{""eventAction"":""expiration"",""eventDate"":""2026-09-19T18:21:07.166Z""},{""eventAction"":""last changed"",""eventDate"":""2025-09-09T23:31:25.297Z""},{""eventAction"":""transfer"",""eventDate"":""2022-08-08T07:51:15.104Z""},{""eventAction"":""last update of RDAP database"",""eventDate"":""2026-05-02T14:24:52.628Z""}],""status"":[""client update prohibited"",""client delete prohibited"",""client transfer prohibited""],""entities"":[{""objectClassName"":""entity"",""handle"":""470"",""links"":[{""value"":""https://rdap.comlaude.com/rdap/"",""rel"":""about"",""href"":""https://rdap.registry.cloud/rdap/entity/470"",""type"":""application/rdap+json""}],""events"":[{""eventAction"":""last update of RDAP database"",""eventDate"":""2026-05-02T14:24:52.628Z""}],""entities"":[{""objectClassName"":""entity"",""events"":[{""eventAction"":""last update of RDAP database"",""eventDate"":""2026-05-02T14:24:52.628Z""}],""vcardArray"":[""vcard"",[[""version"",{},""text"",""4.0""],[""fn"",{},""text"",""""],[""tel"",{""type"":""voice""},""uri"",""tel:+44.2074218250""],[""email"",{},""text"",""admin@comlaude.com""]]],""roles"":[""abuse""]}],""vcardArray"":[""vcard"",[[""version"",{},""text"",""4.0""],[""fn"",{},""text"",""Nom-iq Ltd. dba COM LAUDE""],[""adr"",{""cc"":""GB""},""text"",["""","""",""2nd Floor, 28-30 Little Russell Street"",""London"",""London"",""WC1A 2HN"",""""]],[""tel"",{""type"":""voice""},""uri"",""tel:+44.2074218250""],[""tel"",{""type"":""fax""},""uri"",""tel:+44.8700118187""],[""email"",{},""text"",""admin@comlaude.com""]]],""roles"":[""registrar""],""publicIds"":[{""type"":""IANA Registrar ID"",""identifier"":""470""}]}],""redacted"":[{""name"":{""description"":null,""type"":""Registrant Contact""},""prePath"":""$.entities[?(@.roles[0]=='registrant')]"",""pathLang"":""jsonpath"",""method"":""removal""}],""ldhName"":""supervalu.cloud"",""unicodeName"":""supervalu.cloud"",""secureDNS"":{""delegationSigned"":false},""nameservers"":[{""objectClassName"":""nameserver"",""handle"":""HF4DAA58CF5B74D7EB5D0BE9A647C01AD-ARI"",""events"":[{""eventAction"":""last update of RDAP database"",""eventDate"":""2026-05-02T14:24:52.628Z""}],""status"":[""associated""],""ldhName"":""ns-cloud-c4.googledomains.com"",""unicodeName"":""ns-cloud-c4.googledomains.com""},{""objectClassName"":""nameserver"",""handle"":""H73AF65697E364340B5633BFCAF0F68E7-ARI"",""events"":[{""eventAction"":""last update of RDAP database"",""eventDate"":""2026-05-02T14:24:52.628Z""}],""status"":[""associated""],""ldhName"":""ns-cloud-c1.googledomains.com"",""unicodeName"":""ns-cloud-c1.googledomains.com""},{""objectClassName"":""nameserver"",""handle"":""HF516CAED68F94F8F9FD1CF74C92033E7-ARI"",""events"":[{""eventAction"":""last update of RDAP database"",""eventDate"":""2026-05-02T14:24:52.628Z""}],""status"":[""associated""],""ldhName"":""ns-cloud-c3.googledomains.com"",""unicodeName"":""ns-cloud-c3.googledomains.com""},{""objectClassName"":""nameserver"",""handle"":""H6215890FBAB14F5FBEBE577D9A2A687A-ARI"",""events"":[{""eventAction"":""last update of RDAP database"",""eventDate"":""2026-05-02T14:24:52.628Z""}],""status"":[""associated""],""ldhName"":""ns-cloud-c2.googledomains.com"",""unicodeName"":""ns-cloud-c2.googledomains.com""}]}",,,,,"ns-cloud-c3.googledomains.com.,ns-cloud-c2.googledomains.com.,ns-cloud-c1.googledomains.com.,ns-cloud-c4.googledomains.com.","{""registration_date"":""2017-09-19T18:21:07.166Z"",""expiration_date"":""2026-09-19T18:21:07.166Z"",""updated_on"":""2025-09-09T23:31:25.297Z"",""status_codes"":[""ClientUpdateProhibited"",""ClientDeleteProhibited"",""ClientTransferProhibited""],""registrar"":""Nom-iq Ltd. dba COM LAUDE"",""registrar_iana_id"":""470"",""registrar_abuse_contact"":""N/A"",""url"":""https://rdap.registry.cloud/rdap/domain/supervalu.cloud"",""server"":null,""nameservers"":[""ns-cloud-c4.googledomains.com"",""ns-cloud-c1.googledomains.com"",""ns-cloud-c3.googledomains.com"",""ns-cloud-c2.googledomains.com""],""dnssec_status"":""Unsigned"",""delegation_signer"":null,""privacy_proxy"":null,""icann_complaint_link"":""https://icann.org/wicf"",""reseller"":""N/A"",""timeline"":[{""Registration"":""2017-09-19T18:21:07.166Z""},{""Expiration"":""2026-09-19T18:21:07.166Z""},{""LastChanged"":""2025-09-09T23:31:25.297Z""},{""Transfer"":""2022-08-08T07:51:15.104Z""}]}","{""domain"":""supervalu.cloud"",""status"":""active"",""tags"":""generic"",""zone"":""cloud"",""scope"":null,""offers"":[]}",null
supervalu.co,Tld,2,169.155.194.53,NA,US,396944,UNFI,,,,,,,,,,,"ns1.a1.impervasecuredns.net.,ns1.a2.impervasecuredns.net.,ns1.a0.impervasecuredns.net.",,"{""domain"":""supervalu.co"",""status"":""active"",""tags"":""country geo"",""zone"":""co"",""scope"":null,""offers"":[]}",null
supervalu.co.in,Tld,4,"15.197.148.33,3.33.130.190","NA,NA","US,US","1,650,916,509","Amazon.com, Inc.,Amazon.com, Inc.",,,,,,,,,,,"ns46.domaincontrol.com.,ns45.domaincontrol.com.",,"{""domain"":""supervalu.co.in"",""status"":""active"",""tags"":"""",""zone"":""co.in"",""scope"":null,""offers"":[]}",null
supervalu.com,Tld,3,"45.60.107.134,45.60.62.134","NA,NA","US,US","1,955,119,551","Incapsula Inc,Incapsula Inc",,,,,,"{""rdapConformance"":[""rdap_level_0"",""icann_rdap_technical_implementation_guide_1"",""icann_rdap_response_profile_1""],""notices"":[{""title"":""Terms of Service"",""description"":[""Service subject to Terms of Use.""],""links"":[{""value"":""https://rdap.verisign.com/com/v1/domain/supervalu.com"",""rel"":""terms-of-service"",""href"":""https://www.verisign.com/domain-names/registration-data-access-protocol/terms-service/index.xhtml"",""type"":""text/html""}]},{""title"":""Status Codes"",""description"":[""For more information on domain status codes, please visit https://icann.org/epp""],""links"":[{""href"":""https://icann.org/epp"",""type"":""text/html""}]},{""title"":""RDDS Inaccuracy Complaint Form"",""description"":[""URL of the ICANN RDDS Inaccuracy Complaint Form: https://icann.org/wicf""],""links"":[{""value"":""https://rdap.verisign.com/com/v1/domain/supervalu.com"",""rel"":""help"",""href"":""https://icann.org/wicf"",""type"":""text/html""}]}],""objectClassName"":""domain"",""handle"":""457622_DOMAIN_COM-VRSN"",""links"":[{""value"":""https://rdap.verisign.com/com/v1/domain/SUPERVALU.COM"",""rel"":""self"",""href"":""https://rdap.verisign.com/com/v1/domain/SUPERVALU.COM"",""type"":""application/rdap+json""},{""value"":""https://rdap.comlaude.com/rdap/domain/SUPERVALU.COM"",""rel"":""related"",""href"":""https://rdap.comlaude.com/rdap/domain/SUPERVALU.COM"",""type"":""application/rdap+json""}],""events"":[{""eventAction"":""registration"",""eventDate"":""1994-06-04T04:00:00Z""},{""eventAction"":""expiration"",""eventDate"":""2026-06-03T04:00:00Z""},{""eventAction"":""last changed"",""eventDate"":""2025-09-08T20:21:35Z""},{""eventAction"":""last update of RDAP database"",""eventDate"":""2026-05-02T14:24:44Z""}],""status"":[""client delete prohibited"",""client transfer prohibited"",""client update prohibited"",""server delete prohibited"",""server transfer prohibited"",""server update prohibited""],""entities"":[{""objectClassName"":""entity"",""handle"":""470"",""links"":[{""value"":""https://rdap.comlaude.com/rdap/"",""rel"":""about"",""href"":""http://www.comlaude.com"",""type"":""text/html""}],""entities"":[{""objectClassName"":""entity"",""vcardArray"":[""vcard"",[[""version"",{},""text"",""4.0""],[""fn"",{},""text"",""""],[""tel"",{""type"":""voice""},""uri"",""tel:+442074218250""],[""email"",{},""text"",""abuse@comlaude.com""]]],""roles"":[""abuse""]}],""vcardArray"":[""vcard"",[[""version"",{},""text"",""4.0""],[""fn"",{},""text"",""Nom-iq Ltd. dba COM LAUDE""]]],""roles"":[""registrar""],""publicIds"":[{""type"":""IANA Registrar ID"",""identifier"":""470""}]}],""ldhName"":""SUPERVALU.COM"",""secureDNS"":{""delegationSigned"":true,""dsData"":[{""keyTag"":6919,""algorithm"":8,""digest"":""23747B58BF76D7B75A928ED19A537FFA72FEA8E75EB44ECB9528784929BD47D9"",""digestType"":2}]},""nameservers"":[{""objectClassName"":""nameserver"",""ldhName"":""NS1.A0.IMPERVASECUREDNS.NET""},{""objectClassName"":""nameserver"",""ldhName"":""NS1.A1.IMPERVASECUREDNS.NET""},{""objectClassName"":""nameserver"",""ldhName"":""NS1.A2.IMPERVASECUREDNS.NET""}]}",,,"v=spf1 -all,MS=ms10809237,globalsign-domain-verification=B9C29CD65C7BF1D55A61CC5F72058432,globalsign-domain-verification=e4a534bae427b787669209bc6e9a3171,globalsign-domain-verification=11F5770976B11B3E15D25C00AF2A4905,20A0nL5YNgCGnhgWYgmVBq4AiAWbUBZcznUc5QSfCDfy3buyuDumQIItbsOb1ZduDx9zCEB+xgmCOdbHS1lNdg==,lp9MAUqiwgw6kAwVy1aH9HsFLwg1uOfjUzmlrNjxD7hChLxjoxLtdPI4YWP2ERHSjIFqSqmZDEDJJ2hFWpPRTQ==,95/Getmei9s4OonxhOuNZuaCWGYF3gb/aE8IuC0Ey5I15p2CxddH8w3in744yCGzXlAbcXN20+5LNCiopdG3vQ==,pardot192642=6ea2071e9e64e9c28e1137e5269c954e595bea7578e54b83365c69a8a818f077,cisco-ci-domain-verification=614b6238babf90ff3896e72494b010fd46e5fed14d5a9fd3e1792aba97aa0078,globalsign-domain-verification=623578b7811b360809d3abf9aa6c85af,globalsign-domain-verification=d3457c5ad6db339f1374a051226298e0,5Zp2no3olNeX6LPgboCfMqcWVB2Rmjzadpnj2j7Y9ks68surT20O9KN0KGBUuCwKubcq+BdXa+pJqCJbtsl2EQ==,MS=ms91610772,globalsign-domain-verification=7B490F01AE3E0F133B0E01A0854D7CC4",,"ns1.a0.impervasecuredns.net.,ns1.a1.impervasecuredns.net.,ns1.a2.impervasecuredns.net.","{""registration_date"":""1994-06-04T04:00:00Z"",""expiration_date"":""2026-06-03T04:00:00Z"",""updated_on"":""2025-09-08T20:21:35Z"",""status_codes"":[""ClientDeleteProhibited"",""ClientTransferProhibited"",""ClientUpdateProhibited"",""ServerDeleteProhibited"",""ServerTransferProhibited"",""ServerUpdateProhibited""],""registrar"":""Nom-iq Ltd. dba COM LAUDE"",""registrar_iana_id"":""470"",""registrar_abuse_contact"":""N/A"",""url"":""https://rdap.verisign.com/com/v1/domain/SUPERVALU.COM"",""server"":null,""nameservers"":[""NS1.A0.IMPERVASECUREDNS.NET"",""NS1.A1.IMPERVASECUREDNS.NET"",""NS1.A2.IMPERVASECUREDNS.NET""],""dnssec_status"":""Signed"",""delegation_signer"":[""key_tag: Some(Numberish { inner: Number(Number(6919)), phatom: PhantomData<u32> }), alg: Some(Numberish { inner: Number(Number(8)), phatom: PhantomData<u8> }), digest: Some(\""23747B58BF76D7B75A928ED19A537FFA72FEA8E75EB44ECB9528784929BD47D9\""), type: Some(Numberish { inner: Number(Number(2)), phatom: PhantomData<u8> }), links: None""],""privacy_proxy"":null,""icann_complaint_link"":""https://icann.org/wicf"",""reseller"":""N/A"",""timeline"":[{""Registration"":""1994-06-04T04:00:00Z""},{""Expiration"":""2026-06-03T04:00:00Z""},{""LastChanged"":""2025-09-08T20:21:35Z""}]}","{""domain"":""supervalu.com"",""status"":""active"",""tags"":""generic"",""zone"":""com"",""scope"":null,""offers"":[]}","{""domain"":""supervalu.com"",""status_code"":200,""error"":null,""page_rank_integer"":2,""page_rank_decimal"":2.35,""rank"":""23801099"",""last_updated"":""28th Mar 2026""}"
supervalu.cn,Tld,2,54.179.117.50,AS,SG,16509,"Amazon.com, Inc.",,,,,,,,,,cs.ename.net.,"ns1.ename.net.,ns2.ename.net.",,"{""domain"":""supervalu.cn"",""status"":""active"",""tags"":""country geo"",""zone"":""cn"",""scope"":null,""offers"":[]}",null
supervalu.co.uk,Tld,5,141.226.253.31,EU,DE,48851,Radware Ltd,,,,,,,,"primary.emea.email.fireeyecloud.com.,alt3.emea.email.fireeyecloud.com.,alt1.emea.email.fireeyecloud.com.,alt2.emea.email.fireeyecloud.com.","v=spf1 mx ip4:83.71.135.83 include:spf.protection.outlook.com -all,854djp2vhv6dnrv00658yspw4sxjh119,ms=ms19395424,ms=ms77947060,x4tqdfx1gsvfwssf18p3195l2tf96c3n,duo_sso_verification=AdjXQ7xYeZyPF00usfanPFMpBZnCmWLK4v9Cgh2i9Ow6atRhvTMkzUKhL0kaiLuz,cmm85brfq6sk19dts7qpj06ln0gr7hm3",,"ns1-08.azure-dns.com.,ns3-08.azure-dns.org.,ns4-08.azure-dns.info.,ns2-08.azure-dns.net.",,"{""domain"":""supervalu.co.uk"",""status"":""active"",""tags"":"""",""zone"":""co.uk"",""scope"":null,""offers"":[]}","{""domain"":""supervalu.co.uk"",""status_code"":200,""error"":null,""page_rank_integer"":2,""page_rank_decimal"":2.17,""rank"":""37925761"",""last_updated"":""28th Mar 2026""}"
supervalu.com.cn,Tld,6,8.218.137.223,AS,HK,45102,"Alibaba US Technology Co., Ltd.",,,,,,,,,,,,,"{""domain"":""supervalu.com.cn"",""status"":""marketed priced active"",""tags"":"""",""zone"":""com.cn"",""scope"":null,""offers"":[{""currency"":""USD"",""price"":""1870.00"",""vendor"":""am.godaddy.com""}]}",null
supervalu.de,Tld,1,91.195.241.232,EU,DE,47846,SEDO GmbH,,,,,,,,localhost.,v=spf1 -all,,"sl2.sedo.com.,sl1.sedo.com.",,"{""domain"":""supervalu.de"",""status"":""marketed priced active"",""tags"":""country geo"",""zone"":""de"",""scope"":null,""offers"":[{""currency"":""USD"",""price"":""3509.00"",""vendor"":""sedo.com""},{""currency"":""USD"",""price"":""3899.00"",""vendor"":""am.godaddy.com""}]}",null
supervalu.es,Tld,2,178.156.21.113,,,,,nginx,,,,,,,dialprix-es.mail.protection.outlook.com.,"ms=ms90780918,v=spf1 include:outlook.com include:spf.mandrillapp.com ~all,google-site-verification=TZ6rYJklk6K67EkeFBEBZO1u1ESJ6PKXDYRR0dC0wwc",,nshostingwebmus.globexti.com.,,"{""domain"":""supervalu.es"",""status"":""active"",""tags"":""country geo"",""zone"":""es"",""scope"":null,""offers"":[]}",null
supervalu.fm,Tld,2,,,,,,,,,,,,,,"bio=95866ffa72b905b06f2ac03e95657df9d17c4f47,v=spf1 ip6:fddb:0cf4:a3cf::/48 -all",,,,"{""domain"":""supervalu.fm"",""status"":""inactive"",""tags"":""country geo"",""zone"":""fm"",""scope"":null,""offers"":[]}",null
supervalu.gov.bz,Tld,6,,,,,,,,,,,,,,,,,,"{""domain"":""supervalu.gov.bz"",""status"":""undelegated"",""tags"":"""",""zone"":""gov.bz"",""scope"":null,""offers"":[]}",null
supervalu.gov.by,Tld,6,,,,,,,,,,,,,,v=spf1 -all,,,,"{""domain"":""supervalu.gov.by"",""status"":""unknown"",""tags"":"""",""zone"":""gov.by"",""scope"":null,""offers"":[]}",null
supervalu.gov.pw,Tld,6,,,,,,,,,,,,,,,,,,"{""domain"":""supervalu.gov.pw"",""status"":""undelegated active"",""tags"":"""",""zone"":""gov.pw"",""scope"":null,""offers"":[]}",null
supervalu.id.cv,Tld,4,,,,,,,,,,,,,,,,,,null,null
supervalu.in,Tld,1,"15.197.148.33,3.33.130.190","NA,NA","US,US","1,650,916,509","Amazon.com, Inc.,Amazon.com, Inc.",,,,,,"{""rdapConformance"":[""rdap_level_0"",""icann_rdap_response_profile_1"",""icann_rdap_technical_implementation_guide_1"",""redacted""],""notices"":[{""title"":""Terms of Service"",""description"":[""The WHOIS information provided in this page has been redacted"",""in compliance with ICANN's Temporary Specification for gTLD"",""Registration Data."","""",""The data in this record is provided by Tucows Registry for informational"",""purposes only, and it does not guarantee its accuracy. Tucows Registry is"",""authoritative for whois information in top-level domains it operates"",""under contract with the Internet Corporation for Assigned Names and"",""Numbers. Whois information from other top-level domains is provided by"",""a third-party under license to Tucows Registry."","""",""This service is intended only for query-based access. By using this"",""service, you agree that you will use any data presented only for lawful"",""purposes and that, under no circumstances will you use (a) data"",""acquired for the purpose of allowing, enabling, or otherwise supporting"",""the transmission by e-mail, telephone, facsimile or other"",""communications mechanism of mass  unsolicited, commercial advertising"",""or solicitations to entities other than your existing  customers; or"",""(b) this service to enable high volume, automated, electronic processes"",""that send queries or data to the systems of any Registrar or any"",""Registry except as reasonably necessary to register domain names or"",""modify existing domain name registrations."","""",""Tucows Registry reserves the right to modify these terms at any time. By"",""submitting this query, you agree to abide by this policy. All rights"",""reserved.""],""links"":[{""value"":""https://rdap.nixiregistry.in/rdap/domain/supervalu.in"",""rel"":""terms-of-service"",""href"":""https://rdap.nixiregistry.in/"",""type"":""text/html""}]},{""title"":""Status Codes"",""description"":[""For more information on domain status codes, please visit https://icann.org/epp""],""links"":[{""value"":""https://rdap.nixiregistry.in/rdap/domain/supervalu.in"",""rel"":""glossary"",""href"":""https://icann.org/epp"",""type"":""text/html""}]},{""title"":""RDDS Inaccuracy Complaint Form"",""description"":[""URL of the ICANN RDDS Inaccuracy Complaint Form: https://icann.org/wicf""],""links"":[{""value"":""https://rdap.nixiregistry.in/rdap/domain/supervalu.in"",""rel"":""help"",""href"":""https://icann.org/wicf"",""type"":""text/html""}]}],""objectClassName"":""domain"",""handle"":""DAF44DA0389024DFD944B0A432146D10A-IN"",""links"":[{""value"":""https://rdap.nixiregistry.in/rdap/domain/supervalu.in"",""rel"":""related"",""href"":""https://rdap.godaddy.com/v1/domain/supervalu.in"",""type"":""application/rdap+json""},{""value"":""https://rdap.nixiregistry.in/rdap/domain/supervalu.in"",""rel"":""self"",""href"":""https://rdap.nixiregistry.in/rdap/domain/supervalu.in"",""type"":""application/rdap+json""}],""events"":[{""eventAction"":""registration"",""eventActor"":""godaddy"",""eventDate"":""2021-01-05T18:56:08.407Z""},{""eventAction"":""expiration"",""eventDate"":""2027-01-05T18:56:08.407Z""},{""eventAction"":""last changed"",""eventDate"":""2025-06-01T22:07:32.733Z""},{""eventAction"":""last update of RDAP database"",""eventDate"":""2026-05-02T14:25:02.914Z""}],""status"":[""client renew prohibited"",""client transfer prohibited"",""client delete prohibited"",""client update prohibited""],""entities"":[{""objectClassName"":""entity"",""remarks"":[{""title"":""REDACTED FOR PRIVACY"",""description"":[""Some of the data in this object has been removed""],""type"":""object redacted due to authorization""},{""title"":""EMAIL REDACTED FOR PRIVACY"",""description"":[""Please query the RDDS service of the Registrar of Record identified in this output for information on how to contact the Registrant, Admin, or Tech contact of the queried domain name.""],""type"":""object redacted due to authorization""}],""events"":[{""eventAction"":""last update of RDAP database"",""eventDate"":""2026-05-02T14:25:02.914Z""}],""vcardArray"":[""vcard"",[[""version"",{},""text"",""4.0""],[""adr"",{""cc"":""US""},""text"",["""","""","""","""",""North Carolina"","""",""""]],[""fn"",{},""text"",""""]]],""roles"":[""registrant""]},{""objectClassName"":""entity"",""remarks"":[{""title"":""REDACTED FOR PRIVACY"",""description"":[""Some of the data in this object has been removed""],""type"":""object redacted due to authorization""},{""title"":""EMAIL REDACTED FOR PRIVACY"",""description"":[""Please query the RDDS service of the Registrar of Record identified in this output for information on how to contact the Registrant, Admin, or Tech contact of the queried domain name.""],""type"":""object redacted due to authorization""}],""events"":[{""eventAction"":""last update of RDAP database"",""eventDate"":""2026-05-02T14:25:02.914Z""}],""vcardArray"":[""vcard"",[[""version"",{},""text"",""4.0""],[""adr"",{},""text"",["""","""","""","""","""","""",""""]],[""fn"",{},""text"",""""]]],""roles"":[""administrative""]},{""objectClassName"":""entity"",""remarks"":[{""title"":""REDACTED FOR PRIVACY"",""description"":[""Some of the data in this object has been removed""],""type"":""object redacted due to authorization""},{""title"":""EMAIL REDACTED FOR PRIVACY"",""description"":[""Please query the RDDS service of the Registrar of Record identified in this output for information on how to contact the Registrant, Admin, or Tech contact of the queried domain name.""],""type"":""object redacted due to authorization""}],""events"":[{""eventAction"":""last update of RDAP database"",""eventDate"":""2026-05-02T14:25:02.914Z""}],""vcardArray"":[""vcard"",[[""version"",{},""text"",""4.0""],[""adr"",{},""text"",["""","""","""","""","""","""",""""]],[""fn"",{},""text"",""""]]],""roles"":[""technical""]},{""objectClassName"":""entity"",""remarks"":[{""title"":""REDACTED FOR PRIVACY"",""description"":[""Some of the data in this object has been removed""],""type"":""object redacted due to authorization""},{""title"":""EMAIL REDACTED FOR PRIVACY"",""description"":[""Please query the RDDS service of the Registrar of Record identified in this output for information on how to contact the Registrant, Admin, or Tech contact of the queried domain name.""],""type"":""object redacted due to authorization""}],""events"":[{""eventAction"":""last update of RDAP database"",""eventDate"":""2026-05-02T14:25:02.914Z""}],""vcardArray"":[""vcard"",[[""version"",{},""text"",""4.0""],[""adr"",{},""text"",["""","""","""","""","""","""",""""]],[""fn"",{},""text"",""""]]],""roles"":[""billing""]},{""objectClassName"":""entity"",""handle"":""146"",""links"":[{""value"":""https://rdap.godaddy.com/v1/"",""rel"":""about"",""href"":""https://rdap.nixiregistry.in/rdap/entity/146"",""type"":""application/rdap+json""}],""events"":[{""eventAction"":""last update of RDAP database"",""eventDate"":""2026-05-02T14:25:02.914Z""}],""entities"":[{""objectClassName"":""entity"",""events"":[{""eventAction"":""last update of RDAP database"",""eventDate"":""2026-05-02T14:25:02.914Z""}],""vcardArray"":[""vcard"",[[""version"",{},""text"",""4.0""],[""fn"",{},""text"",""""],[""tel"",{""type"":""voice""},""uri"",""tel:+1.4805058800""],[""email"",{},""text"",""reg_admin@godaddy.com""]]],""roles"":[""abuse""]}],""vcardArray"":[""vcard"",[[""version"",{},""text"",""4.0""],[""fn"",{},""text"",""GoDaddy""],[""adr"",{""cc"":""US""},""text"",["""","""",""14555 North Hayden Rd #219"",""Scottsdale "",""AZ"",""85260"",""""]],[""tel"",{""type"":""voice""},""uri"",""tel:+1.4805058800""],[""tel"",{""type"":""fax""},""uri"",""tel:+1.4802474195""],[""email"",{},""text"",""reg_admin@godaddy.com""]]],""roles"":[""registrar""],""publicIds"":[{""type"":""IANA Registrar ID"",""identifier"":""146""}]}],""redacted"":[{""name"":{""description"":null,""type"":""Registry Registrant ID""},""reason"":{""description"":""Server Policy"",""type"":null},""prePath"":""$.entities[?(@.roles[0]=='registrant')].handle"",""pathLang"":""jsonpath"",""method"":""removal""},{""name"":{""description"":null,""type"":""Registrant Email""},""reason"":{""description"":""Server Policy"",""type"":null},""prePath"":""$.entities[?(@.roles[0]=='registrant')].vcardArray[1][?(@[0]=='email')]"",""pathLang"":""jsonpath"",""replacementPath"":""$.entities[?(@.roles[0]=='registrant')].vcardArray[1][?(@[0]=='email')][3]"",""method"":""replacementValue""},{""name"":{""description"":null,""type"":""Registrant Name""},""reason"":{""description"":""Server Policy"",""type"":null},""postPath"":""$.entities[?(@.roles[0]=='registrant')].vcardArray[1][?(@[0]=='fn')][3]"",""pathLang"":""jsonpath"",""method"":""emptyValue""},{""name"":{""description"":null,""type"":""Registrant Street""},""reason"":{""description"":""Server Policy"",""type"":null},""postPath"":""$.entities[?(@.roles[0]=='registrant')].vcardArray[1][?(@[0]=='adr')][3][:3]"",""pathLang"":""jsonpath"",""method"":""emptyValue""},{""name"":{""description"":null,""type"":""Registrant City""},""reason"":{""description"":""Server Policy"",""type"":null},""postPath"":""$.entities[?(@.roles[0]=='registrant')].vcardArray[1][?(@[0]=='adr')][3][3]"",""pathLang"":""jsonpath"",""method"":""emptyValue""},{""name"":{""description"":null,""type"":""Registrant Postal Code""},""reason"":{""description"":""Server Policy"",""type"":null},""postPath"":""$.entities[?(@.roles[0]=='registrant')].vcardArray[1][?(@[0]=='adr')][3][5]"",""pathLang"":""jsonpath"",""method"":""emptyValue""},{""name"":{""description"":null,""type"":""Registrant Phone""},""reason"":{""description"":""Server Policy"",""type"":null},""prePath"":""$.entities[?(@.roles[0]=='registrant')].vcardArray[1][?(@[1].type=='voice')]"",""pathLang"":""jsonpath"",""method"":""removal""},{""name"":{""description"":null,""type"":""Registrant Phone Ext""},""reason"":{""description"":""Server Policy"",""type"":null},""prePath"":""$.entities[?(@.roles[0]=='registrant')].vcardArray[1][?(@[1].type=='voice')]"",""pathLang"":""jsonpath"",""method"":""removal""},{""name"":{""description"":null,""type"":""Registrant Fax""},""reason"":{""description"":""Server Policy"",""type"":null},""prePath"":""$.entities[?(@.roles[0]=='registrant')].vcardArray[1][?(@[1].type=='fax')]"",""pathLang"":""jsonpath"",""method"":""removal""},{""name"":{""description"":null,""type"":""Registrant Fax Ext""},""reason"":{""description"":""Server Policy"",""type"":null},""prePath"":""$.entities[?(@.roles[0]=='registrant')].vcardArray[1][?(@[1].type=='fax')]"",""pathLang"":""jsonpath"",""method"":""removal""},{""name"":{""description"":null,""type"":""Registry Admin ID""},""reason"":{""description"":""Server Policy"",""type"":null},""prePath"":""$.entities[?(@.roles[0]=='administrative')].handle"",""pathLang"":""jsonpath"",""method"":""removal""},{""name"":{""description"":null,""type"":""Admin Email""},""reason"":{""description"":""Server Policy"",""type"":null},""prePath"":""$.entities[?(@.roles[0]=='administrative')].vcardArray[1][?(@[0]=='email')]"",""pathLang"":""jsonpath"",""replacementPath"":""$.entities[?(@.roles[0]=='administrative')].vcardArray[1][?(@[0]=='email')][3]"",""method"":""replacementValue""},{""name"":{""description"":null,""type"":""Admin Name""},""reason"":{""description"":""Server Policy"",""type"":null},""postPath"":""$.entities[?(@.roles[0]=='administrative')].vcardArray[1][?(@[0]=='fn')][3]"",""pathLang"":""jsonpath"",""method"":""emptyValue""},{""name"":{""description"":null,""type"":""Admin Street""},""reason"":{""description"":""Server Policy"",""type"":null},""postPath"":""$.entities[?(@.roles[0]=='administrative')].vcardArray[1][?(@[0]=='adr')][3][:3]"",""pathLang"":""jsonpath"",""method"":""emptyValue""},{""name"":{""description"":null,""type"":""Admin City""},""reason"":{""description"":""Server Policy"",""type"":null},""postPath"":""$.entities[?(@.roles[0]=='administrative')].vcardArray[1][?(@[0]=='adr')][3][3]"",""pathLang"":""jsonpath"",""method"":""emptyValue""},{""name"":{""description"":null,""type"":""Admin Postal Code""},""reason"":{""description"":""Server Policy"",""type"":null},""postPath"":""$.entities[?(@.roles[0]=='administrative')].vcardArray[1][?(@[0]=='adr')][3][5]"",""pathLang"":""jsonpath"",""method"":""emptyValue""},{""name"":{""description"":null,""type"":""Admin Phone""},""reason"":{""description"":""Server Policy"",""type"":null},""prePath"":""$.entities[?(@.roles[0]=='administrative')].vcardArray[1][?(@[1].type=='voice')]"",""pathLang"":""jsonpath"",""method"":""removal""},{""name"":{""description"":null,""type"":""Admin Phone Ext""},""reason"":{""description"":""Server Policy"",""type"":null},""prePath"":""$.entities[?(@.roles[0]=='administrative')].vcardArray[1][?(@[1].type=='voice')]"",""pathLang"":""jsonpath"",""method"":""removal""},{""name"":{""description"":null,""type"":""Admin Fax""},""reason"":{""description"":""Server Policy"",""type"":null},""prePath"":""$.entities[?(@.roles[0]=='administrative')].vcardArray[1][?(@[1].type=='fax')]"",""pathLang"":""jsonpath"",""method"":""removal""},{""name"":{""description"":null,""type"":""Admin Fax Ext""},""reason"":{""description"":""Server Policy"",""type"":null},""prePath"":""$.entities[?(@.roles[0]=='administrative')].vcardArray[1][?(@[1].type=='fax')]"",""pathLang"":""jsonpath"",""method"":""removal""},{""name"":{""description"":null,""type"":""Registry Tech ID""},""reason"":{""description"":""Server Policy"",""type"":null},""prePath"":""$.entities[?(@.roles[0]=='technical')].handle"",""pathLang"":""jsonpath"",""method"":""removal""},{""name"":{""description"":null,""type"":""Tech Email""},""reason"":{""description"":""Server Policy"",""type"":null},""prePath"":""$.entities[?(@.roles[0]=='technical')].vcardArray[1][?(@[0]=='email')]"",""pathLang"":""jsonpath"",""replacementPath"":""$.entities[?(@.roles[0]=='technical')].vcardArray[1][?(@[0]=='email')][3]"",""method"":""replacementValue""},{""name"":{""description"":null,""type"":""Tech Name""},""reason"":{""description"":""Server Policy"",""type"":null},""postPath"":""$.entities[?(@.roles[0]=='technical')].vcardArray[1][?(@[0]=='fn')][3]"",""pathLang"":""jsonpath"",""method"":""emptyValue""},{""name"":{""description"":null,""type"":""Tech Street""},""reason"":{""description"":""Server Policy"",""type"":null},""postPath"":""$.entities[?(@.roles[0]=='technical')].vcardArray[1][?(@[0]=='adr')][3][:3]"",""pathLang"":""jsonpath"",""method"":""emptyValue""},{""name"":{""description"":null,""type"":""Tech City""},""reason"":{""description"":""Server Policy"",""type"":null},""postPath"":""$.entities[?(@.roles[0]=='technical')].vcardArray[1][?(@[0]=='adr')][3][3]"",""pathLang"":""jsonpath"",""method"":""emptyValue""},{""name"":{""description"":null,""type"":""Tech Postal Code""},""reason"":{""description"":""Server Policy"",""type"":null},""postPath"":""$.entities[?(@.roles[0]=='technical')].vcardArray[1][?(@[0]=='adr')][3][5]"",""pathLang"":""jsonpath"",""method"":""emptyValue""},{""name"":{""description"":null,""type"":""Tech Phone""},""reason"":{""description"":""Server Policy"",""type"":null},""prePath"":""$.entities[?(@.roles[0]=='technical')].vcardArray[1][?(@[1].type=='voice')]"",""pathLang"":""jsonpath"",""method"":""removal""},{""name"":{""description"":null,""type"":""Tech Phone Ext""},""reason"":{""description"":""Server Policy"",""type"":null},""prePath"":""$.entities[?(@.roles[0]=='technical')].vcardArray[1][?(@[1].type=='voice')]"",""pathLang"":""jsonpath"",""method"":""removal""},{""name"":{""description"":null,""type"":""Tech Fax""},""reason"":{""description"":""Server Policy"",""type"":null},""prePath"":""$.entities[?(@.roles[0]=='technical')].vcardArray[1][?(@[1].type=='fax')]"",""pathLang"":""jsonpath"",""method"":""removal""},{""name"":{""description"":null,""type"":""Tech Fax Ext""},""reason"":{""description"":""Server Policy"",""type"":null},""prePath"":""$.entities[?(@.roles[0]=='technical')].vcardArray[1][?(@[1].type=='fax')]"",""pathLang"":""jsonpath"",""method"":""removal""},{""name"":{""description"":null,""type"":""Registry Billing ID""},""reason"":{""description"":""Server Policy"",""type"":null},""prePath"":""$.entities[?(@.roles[0]=='billing')].handle"",""pathLang"":""jsonpath"",""method"":""removal""},{""name"":{""description"":null,""type"":""Billing Email""},""reason"":{""description"":""Server Policy"",""type"":null},""prePath"":""$.entities[?(@.roles[0]=='billing')].vcardArray[1][?(@[0]=='email')]"",""pathLang"":""jsonpath"",""replacementPath"":""$.entities[?(@.roles[0]=='billing')].vcardArray[1][?(@[0]=='email')][3]"",""method"":""replacementValue""},{""name"":{""description"":null,""type"":""Billing Name""},""reason"":{""description"":""Server Policy"",""type"":null},""postPath"":""$.entities[?(@.roles[0]=='billing')].vcardArray[1][?(@[0]=='fn')][3]"",""pathLang"":""jsonpath"",""method"":""emptyValue""},{""name"":{""description"":null,""type"":""Billing Street""},""reason"":{""description"":""Server Policy"",""type"":null},""postPath"":""$.entities[?(@.roles[0]=='billing')].vcardArray[1][?(@[0]=='adr')][3][:3]"",""pathLang"":""jsonpath"",""method"":""emptyValue""},{""name"":{""description"":null,""type"":""Billing City""},""reason"":{""description"":""Server Policy"",""type"":null},""postPath"":""$.entities[?(@.roles[0]=='billing')].vcardArray[1][?(@[0]=='adr')][3][3]"",""pathLang"":""jsonpath"",""method"":""emptyValue""},{""name"":{""description"":null,""type"":""Billing Postal Code""},""reason"":{""description"":""Server Policy"",""type"":null},""postPath"":""$.entities[?(@.roles[0]=='billing')].vcardArray[1][?(@[0]=='adr')][3][5]"",""pathLang"":""jsonpath"",""method"":""emptyValue""},{""name"":{""description"":null,""type"":""Billing Phone""},""reason"":{""description"":""Server Policy"",""type"":null},""prePath"":""$.entities[?(@.roles[0]=='billing')].vcardArray[1][?(@[1].type=='voice')]"",""pathLang"":""jsonpath"",""method"":""removal""},{""name"":{""description"":null,""type"":""Billing Phone Ext""},""reason"":{""description"":""Server Policy"",""type"":null},""prePath"":""$.entities[?(@.roles[0]=='billing')].vcardArray[1][?(@[1].type=='voice')]"",""pathLang"":""jsonpath"",""method"":""removal""},{""name"":{""description"":null,""type"":""Billing Fax""},""reason"":{""description"":""Server Policy"",""type"":null},""prePath"":""$.entities[?(@.roles[0]=='billing')].vcardArray[1][?(@[1].type=='fax')]"",""pathLang"":""jsonpath"",""method"":""removal""},{""name"":{""description"":null,""type"":""Billing Fax Ext""},""reason"":{""description"":""Server Policy"",""type"":null},""prePath"":""$.entities[?(@.roles[0]=='billing')].vcardArray[1][?(@[1].type=='fax')]"",""pathLang"":""jsonpath"",""method"":""removal""}],""ldhName"":""supervalu.in"",""unicodeName"":""supervalu.in"",""secureDNS"":{""delegationSigned"":false},""nameservers"":[{""objectClassName"":""nameserver"",""handle"":""H47B29CC27123460BAB70971D8FBF62F5-IN"",""events"":[{""eventAction"":""last update of RDAP database"",""eventDate"":""2026-05-02T14:25:02.914Z""}],""status"":[""associated""],""ldhName"":""ns52.domaincontrol.com"",""unicodeName"":""ns52.domaincontrol.com""},{""objectClassName"":""nameserver"",""handle"":""H233C3F459E16462998823387A0B33A96-IN"",""events"":[{""eventAction"":""last update of RDAP database"",""eventDate"":""2026-05-02T14:25:02.914Z""}],""status"":[""associated""],""ldhName"":""ns51.domaincontrol.com"",""unicodeName"":""ns51.domaincontrol.com""}]}",,,,,"ns51.domaincontrol.com.,ns52.domaincontrol.com.","{""registration_date"":""2021-01-05T18:56:08.407Z"",""expiration_date"":""2027-01-05T18:56:08.407Z"",""updated_on"":""2025-06-01T22:07:32.733Z"",""status_codes"":[""ClientRenewProhibited"",""ClientTransferProhibited"",""ClientDeleteProhibited"",""ClientUpdateProhibited""],""registrar"":""GoDaddy"",""registrar_iana_id"":""146"",""registrar_abuse_contact"":""N/A"",""url"":""https://rdap.nixiregistry.in/rdap/domain/supervalu.in"",""server"":null,""nameservers"":[""ns52.domaincontrol.com"",""ns51.domaincontrol.com""],""dnssec_status"":""Unsigned"",""delegation_signer"":null,""privacy_proxy"":null,""icann_complaint_link"":""https://icann.org/wicf"",""reseller"":""N/A"",""timeline"":[{""Registration"":""2021-01-05T18:56:08.407Z""},{""Expiration"":""2027-01-05T18:56:08.407Z""},{""LastChanged"":""2025-06-01T22:07:32.733Z""}]}","{""domain"":""supervalu.in"",""status"":""active"",""tags"":""country geo"",""zone"":""in"",""scope"":null,""offers"":[]}",null
supervalu.international,Tld,11,162.255.119.119,NA,US,22612,"Namecheap, Inc.",,,,,,"{""rdapConformance"":[""rdap_level_0"",""icann_rdap_response_profile_1"",""icann_rdap_technical_implementation_guide_1"",""redacted""],""notices"":[{""title"":""Terms of Service"",""description"":[""Access to RDAP information is provided to assist persons in determining the contents of a domain name registration record in the registry database. The data in this record is provided by Identity Digital or, if the record pertains to a TLD not operated by Identity Digital, then the corresponding primary Registry Operator for informational purposes only, and neither Identity Digital nor the Registry Operator guarantee its accuracy. This service is intended only for query-based access. You agree that you will use this data only for lawful purposes and that, under no circumstances will you use this data to (a) allow, enable, or otherwise support the transmission by e-mail, telephone, or facsimile of mass unsolicited, commercial advertising or solicitations to entities other than the data recipient's own existing customers; or (b) enable high volume, automated, electronic processes that send queries or data to the systems of Identity Digital, a Registrar, or Registry Operator except as reasonably necessary to register domain names or modify existing registrations. When using the RDAP service, please consider the following: the RDAP service is not a replacement for standard EPP commands to the SRS service. RDAP is not considered authoritative for registered domain objects. The RDAP service may be scheduled for downtime during production or OT&E maintenance periods. Queries to the RDAP services are throttled. If too many queries are received from a single IP address within a specified time, the service will begin to reject further queries for a period of time to prevent disruption of RDAP service access. Abuse of the RDAP system through data mining is mitigated by detecting and limiting bulk query access from single sources. Where applicable, the presence of a [Non-Public Data] tag indicates that such data is not made publicly available due to applicable data privacy laws or requirements. Should you wish to contact the registrant, please refer to the RDAP records available through the registrar URL listed above. Access to non-public data may be provided, upon request, where it can be reasonably confirmed that the requester holds a specific legitimate interest and a proper legal basis for accessing the withheld data. Access to the data provided by Identity Digital can be requested by submitting a request via the form found at https://www.identity.digital/about/policies/whois-layered-access/ Identity Digital Inc. and, if applicable, the primary Registry Operators reserve the right to modify these terms at any time. By submitting this query, you agree to abide by this policy.""],""links"":[{""value"":""https://rdap.identitydigital.services/rdap/domain/supervalu.international"",""rel"":""terms-of-service"",""href"":""https://www.identity.digital/policies/rdds-access-policy"",""type"":""text/html""}]},{""title"":""Status Codes"",""description"":[""For more information on domain status codes, please visit https://icann.org/epp""],""links"":[{""value"":""https://rdap.identitydigital.services/rdap/domain/supervalu.international"",""rel"":""glossary"",""href"":""https://icann.org/epp"",""type"":""application/rdap+json""}]},{""title"":""RDDS Inaccuracy Complaint Form"",""description"":[""URL of the ICANN RDDS Inaccuracy Complaint Form: https://icann.org/wicf""],""links"":[{""value"":""https://rdap.identitydigital.services/rdap/domain/supervalu.international"",""rel"":""help"",""href"":""https://icann.org/wicf"",""type"":""application/rdap+json""}]}],""objectClassName"":""domain"",""links"":[{""value"":""https://rdap.identitydigital.services/rdap/domain/supervalu.international"",""rel"":""related"",""href"":""https://rdap.namecheap.com/domain/supervalu.international"",""type"":""application/rdap+json""},{""value"":""https://rdap.identitydigital.services/rdap/domain/supervalu.international"",""rel"":""self"",""href"":""https://rdap.identitydigital.services/rdap/domain/supervalu.international"",""type"":""application/rdap+json""}],""events"":[{""eventAction"":""expiration"",""eventDate"":""2027-01-23T12:06:46.763Z""},{""eventAction"":""registration"",""eventDate"":""2019-01-23T12:06:46.763Z""},{""eventAction"":""last changed"",""eventDate"":""2025-12-29T06:36:27.708Z""},{""eventAction"":""last update of RDAP database"",""eventDate"":""2026-05-02T14:25:02.326Z""}],""status"":[""client transfer prohibited""],""entities"":[{""objectClassName"":""entity"",""handle"":""1068"",""links"":[{""value"":""https://rdap.identitydigital.services/rdap/entity/1068"",""rel"":""self"",""href"":""https://rdap.identitydigital.services/rdap/entity/1068"",""type"":""application/rdap+json""},{""value"":""https://rdap.namecheap.com/"",""rel"":""about"",""href"":""https://rdap.namecheap.com/"",""type"":""application/rdap+json""}],""entities"":[{""objectClassName"":""entity"",""vcardArray"":[""vcard"",[[""version"",{},""text"",""4.0""],[""fn"",{},""text"",""""],[""tel"",{""type"":""voice""},""uri"",""tel:+1.9854014545""],[""email"",{},""text"",""abuse@namecheap.com""]]],""roles"":[""abuse""]}],""vcardArray"":[""vcard"",[[""version"",{},""text"",""4.0""],[""fn"",{},""text"",""NameCheap, Inc.""]]],""roles"":[""registrar""],""publicIds"":[{""type"":""IANA Registrar ID"",""identifier"":""1068""}]}],""redacted"":[{""name"":{""description"":null,""type"":""Registry Domain ID""},""prePath"":""$.handle"",""pathLang"":""jsonpath"",""method"":""removal""}],""ldhName"":""supervalu.international"",""unicodeName"":""supervalu.international"",""secureDNS"":{""delegationSigned"":false,""maxSigLife"":1},""nameservers"":[{""objectClassName"":""nameserver"",""handle"":""a14ea728df9944b99008affc2709e0fa-DONUTS"",""status"":[""associated""],""ldhName"":""dns1.registrar-servers.com"",""unicodeName"":""dns1.registrar-servers.com""},{""objectClassName"":""nameserver"",""handle"":""b64adf70a79541e2b681cc4df98578c2-DONUTS"",""status"":[""associated""],""ldhName"":""dns2.registrar-servers.com"",""unicodeName"":""dns2.registrar-servers.com""}]}",,"eforward2.registrar-servers.com.,eforward4.registrar-servers.com.,eforward3.registrar-servers.com.,eforward1.registrar-servers.com.,eforward5.registrar-servers.com.",v=spf1 include:spf.efwd.registrar-servers.com ~all,,"dns2.registrar-servers.com.,dns1.registrar-servers.com.","{""registration_date"":""2019-01-23T12:06:46.763Z"",""expiration_date"":""2027-01-23T12:06:46.763Z"",""updated_on"":""2025-12-29T06:36:27.708Z"",""status_codes"":[""ClientTransferProhibited""],""registrar"":""NameCheap, Inc."",""registrar_iana_id"":""1068"",""registrar_abuse_contact"":""N/A"",""url"":""https://rdap.identitydigital.services/rdap/domain/supervalu.international"",""server"":null,""nameservers"":[""dns1.registrar-servers.com"",""dns2.registrar-servers.com""],""dnssec_status"":""Unsigned"",""delegation_signer"":null,""privacy_proxy"":null,""icann_complaint_link"":""https://icann.org/wicf"",""reseller"":""N/A"",""timeline"":[{""Expiration"":""2027-01-23T12:06:46.763Z""},{""Registration"":""2019-01-23T12:06:46.763Z""},{""LastChanged"":""2025-12-29T06:36:27.708Z""}]}","{""domain"":""supervalu.international"",""status"":""active"",""tags"":""generic"",""zone"":""international"",""scope"":null,""offers"":[]}",null
supervalu.la,Tld,2,69.172.201.232,NA,CA,19324,Dosarrest Internet Security LTD,,,,,,,,,,,"ns42.domaincontrol.com.,ns41.domaincontrol.com.",,"{""domain"":""supervalu.la"",""status"":""active"",""tags"":""city country geo"",""zone"":""la"",""scope"":null,""offers"":[]}",null
supervalu.lk,Tld,2,23.106.52.156,AS,SG,59253,LEASEWEB SINGAPORE PTE. LTD.,Apache,"Apache HTTP Server,PHP:7.2.34",0.91213256,0.049071588,0.03879581,,,supervalu.lk.,v=spf1 +mx +a +ip4:23.106.52.156 ~all,,"dns70.lankahost.net.,dns71.lankahost.net.,dns72.lankahost.net.",,"{""domain"":""supervalu.lk"",""status"":""active"",""tags"":""country geo"",""zone"":""lk"",""scope"":null,""offers"":[]}","{""domain"":""supervalu.lk"",""status_code"":200,""error"":null,""page_rank_integer"":0,""page_rank_decimal"":0,""rank"":""264406686"",""last_updated"":""28th Mar 2026""}"
supervalu.org,Tld,3,,,,,,,,,,,"{""rdapConformance"":[""rdap_level_0"",""icann_rdap_response_profile_1"",""icann_rdap_technical_implementation_guide_1"",""redacted""],""notices"":[{""title"":""Terms of Service"",""description"":[""Public Interest Registry provides this RDAP service for informational purposes only, and to assist persons in obtaining information about or related to a domain name registration record. Public Interest Registry does not guarantee its accuracy. Users accessing the Public Interest Registry RDAP service agree to use the data only for lawful purposes, and under no circumstances may this data be used to: a) allow, enable, or otherwise support the transmission by e-mail, telephone, or facsimile of mass unsolicited, commercial advertising or solicitations to entities other than the registrar's own existing customers and b) enable high volume, automated, electronic processes that send queries or data to the systems of Public Interest Registry or any ICANN-accredited registrar, except as reasonably necessary to register domain names or modify existing registrations. When using the Public Interest Registry RDAP service, please consider the following: the RDAP service is not a replacement for standard EPP commands to the SRS service. RDAP is not considered authoritative for registered domain objects. The RDAP service may be scheduled for downtime during production or OT&E maintenance periods. Queries to the RDAP services are throttled. If too many queries are received from a single IP address within a specified time, the service will begin to reject further queries for a period of time to prevent disruption of RDAP service access. Abuse of the RDAP system through data mining is mitigated by detecting and limiting bulk query access from single sources. Where applicable, the presence of a [Non-Public Data] tag indicates that such data is not made publicly available due to applicable data privacy laws or requirements. Should you wish to contact the registrant, please refer to the RDAP records available through the registrar URL listed above. Access to non-public data may be provided, upon request, where it can be reasonably confirmed that the requester holds a specific legitimate interest and a proper legal basis for accessing the withheld data. Access to this data can be requested by submitting a request to WHOISrequest@pir.org. Public Interest Registry Inc. reserves the right to modify these terms at any time. By submitting this query, you agree to abide by this policy.""],""links"":[{""value"":""https://rdap.publicinterestregistry.org/rdap/domain/supervalu.org"",""rel"":""terms-of-service"",""href"":""https://thenew.org/org-people/about-pir/policies/"",""type"":""text/html""}]},{""title"":""Status Codes"",""description"":[""For more information on domain status codes, please visit https://icann.org/epp""],""links"":[{""value"":""https://rdap.publicinterestregistry.org/rdap/domain/supervalu.org"",""rel"":""glossary"",""href"":""https://icann.org/epp"",""type"":""application/rdap+json""}]},{""title"":""RDDS Inaccuracy Complaint Form"",""description"":[""URL of the ICANN RDDS Inaccuracy Complaint Form: https://icann.org/wicf""],""links"":[{""value"":""https://rdap.publicinterestregistry.org/rdap/domain/supervalu.org"",""rel"":""help"",""href"":""https://icann.org/wicf"",""type"":""application/rdap+json""}]}],""objectClassName"":""domain"",""links"":[{""value"":""https://rdap.publicinterestregistry.org/rdap/domain/supervalu.org"",""rel"":""related"",""href"":""https://rdap.blacknight.com/domain/supervalu.org"",""type"":""application/rdap+json""},{""value"":""https://rdap.publicinterestregistry.org/rdap/domain/supervalu.org"",""rel"":""self"",""href"":""https://rdap.publicinterestregistry.org/rdap/domain/supervalu.org"",""type"":""application/rdap+json""}],""events"":[{""eventAction"":""transfer"",""eventDate"":""2021-03-01T04:59:09.442Z""},{""eventAction"":""expiration"",""eventDate"":""2029-02-18T13:58:29Z""},{""eventAction"":""registration"",""eventDate"":""2000-02-18T13:58:30.181Z""},{""eventAction"":""last changed"",""eventDate"":""2026-01-24T09:40:10.873Z""},{""eventAction"":""last update of RDAP database"",""eventDate"":""2026-05-02T14:25:10.687Z""}],""status"":[""client transfer prohibited""],""entities"":[{""objectClassName"":""entity"",""handle"":""1448"",""links"":[{""value"":""https://rdap.publicinterestregistry.org/rdap/entity/1448"",""rel"":""self"",""href"":""https://rdap.publicinterestregistry.org/rdap/entity/1448"",""type"":""application/rdap+json""},{""value"":""https://rdap.blacknight.com"",""rel"":""about"",""href"":""https://rdap.blacknight.com"",""type"":""application/rdap+json""}],""entities"":[{""objectClassName"":""entity"",""vcardArray"":[""vcard"",[[""version"",{},""text"",""4.0""],[""fn"",{},""text"",""""],[""tel"",{""type"":""voice""},""uri"",""tel:+353.599183072""],[""email"",{},""text"",""abuse@blacknight.com""]]],""roles"":[""abuse""]}],""vcardArray"":[""vcard"",[[""version"",{},""text"",""4.0""],[""fn"",{},""text"",""Blacknight Internet Solutions Ltd.""]]],""roles"":[""registrar""],""publicIds"":[{""type"":""IANA Registrar ID"",""identifier"":""1448""}]}],""redacted"":[{""name"":{""description"":null,""type"":""Registry Domain ID""},""prePath"":""$.handle"",""pathLang"":""jsonpath"",""method"":""removal""}],""ldhName"":""supervalu.org"",""unicodeName"":""supervalu.org"",""secureDNS"":{""delegationSigned"":false,""maxSigLife"":1},""nameservers"":[{""objectClassName"":""nameserver"",""handle"":""9a63c41389c1448a8b74b5cd42e14ce0-LROR"",""status"":[""associated""],""ldhName"":""ns1.blacknight.com"",""unicodeName"":""ns1.blacknight.com""},{""objectClassName"":""nameserver"",""handle"":""0865073c40ef4598bb5773e4ef1d9c26-LROR"",""status"":[""associated""],""ldhName"":""ns2.blacknight.com"",""unicodeName"":""ns2.blacknight.com""},{""objectClassName"":""nameserver"",""handle"":""a9ae9413367b457e8b862f6eea39653b-LROR"",""status"":[""associated""],""ldhName"":""ns3.blacknight.com"",""unicodeName"":""ns3.blacknight.com""},{""objectClassName"":""nameserver"",""handle"":""3e300daa604f482db8cfc450f4616228-LROR"",""status"":[""associated""],""ldhName"":""ns4.blacknight.com"",""unicodeName"":""ns4.blacknight.com""}]}",,,v=spf1 -all,,"ns2.blacknight.com.,ns4.blacknight.com.,ns3.blacknight.com.,ns1.blacknight.com.","{""registration_date"":""2000-02-18T13:58:30.181Z"",""expiration_date"":""2029-02-18T13:58:29Z"",""updated_on"":""2026-01-24T09:40:10.873Z"",""status_codes"":[""ClientTransferProhibited""],""registrar"":""Blacknight Internet Solutions Ltd."",""registrar_iana_id"":""1448"",""registrar_abuse_contact"":""N/A"",""url"":""https://rdap.publicinterestregistry.org/rdap/domain/supervalu.org"",""server"":null,""nameservers"":[""ns1.blacknight.com"",""ns2.blacknight.com"",""ns3.blacknight.com"",""ns4.blacknight.com""],""dnssec_status"":""Unsigned"",""delegation_signer"":null,""privacy_proxy"":null,""icann_complaint_link"":""https://icann.org/wicf"",""reseller"":""N/A"",""timeline"":[{""Transfer"":""2021-03-01T04:59:09.442Z""},{""Expiration"":""2029-02-18T13:58:29Z""},{""Registration"":""2000-02-18T13:58:30.181Z""},{""LastChanged"":""2026-01-24T09:40:10.873Z""}]}","{""domain"":""supervalu.org"",""status"":""active"",""tags"":""generic"",""zone"":""org"",""scope"":null,""offers"":[]}",null
supervalu.qa,Tld,2,185.53.179.126,EU,DE,206834,Team Internet AG,,,,,,,,,,,"ns3.blacknight.com.,ns2.blacknight.com.,ns4.blacknight.com.,ns1.blacknight.com.",,"{""domain"":""supervalu.qa"",""status"":""active"",""tags"":""country geo"",""zone"":""qa"",""scope"":null,""offers"":[]}",null
supervalu.store,Tld,4,"104.21.17.64,172.67.222.254,2606:4700:3037::6815:1140,2606:4700:3036::ac43:defe",",,,",",,,","13335,13335,,","Cloudflare, Inc.,Cloudflare, Inc.,,",cloudflare,,,,,"{""rdapConformance"":[""rdap_level_0"",""icann_rdap_response_profile_1"",""icann_rdap_technical_implementation_guide_1"",""redacted""],""notices"":[{""title"":""Terms of Service"",""description"":[""The WHOIS information provided in this page has been redacted"",""in compliance with ICANN's Temporary Specification for gTLD"",""Registration Data."","""",""The data in this record is provided by Tucows Registry for informational"",""purposes only, and it does not guarantee its accuracy. Tucows Registry is"",""authoritative for whois information in top-level domains it operates"",""under contract with the Internet Corporation for Assigned Names and"",""Numbers. Whois information from other top-level domains is provided by"",""a third-party under license to Tucows Registry."","""",""This service is intended only for query-based access. By using this"",""service, you agree that you will use any data presented only for lawful"",""purposes and that, under no circumstances will you use (a) data"",""acquired for the purpose of allowing, enabling, or otherwise supporting"",""the transmission by e-mail, telephone, facsimile or other"",""communications mechanism of mass  unsolicited, commercial advertising"",""or solicitations to entities other than your existing  customers; or"",""(b) this service to enable high volume, automated, electronic processes"",""that send queries or data to the systems of any Registrar or any"",""Registry except as reasonably necessary to register domain names or"",""modify existing domain name registrations."","""",""Tucows Registry reserves the right to modify these terms at any time. By"",""submitting this query, you agree to abide by this policy. All rights"",""reserved.""],""links"":[{""value"":""https://rdap.radix.host/rdap/domain/supervalu.store"",""rel"":""terms-of-service"",""href"":""https://rdap.radix.host/"",""type"":""text/html""}]},{""title"":""Status Codes"",""description"":[""For more information on domain status codes, please visit https://icann.org/epp""],""links"":[{""value"":""https://rdap.radix.host/rdap/domain/supervalu.store"",""rel"":""glossary"",""href"":""https://icann.org/epp"",""type"":""text/html""}]},{""title"":""RDDS Inaccuracy Complaint Form"",""description"":[""URL of the ICANN RDDS Inaccuracy Complaint Form: https://icann.org/wicf""],""links"":[{""value"":""https://rdap.radix.host/rdap/domain/supervalu.store"",""rel"":""help"",""href"":""https://icann.org/wicf"",""type"":""text/html""}]}],""objectClassName"":""domain"",""handle"":""D627554967-CNIC"",""links"":[{""value"":""https://rdap.radix.host/rdap/domain/supervalu.store"",""rel"":""related"",""href"":""https://rdap.namecheap.com/domain/supervalu.store"",""type"":""application/rdap+json""},{""value"":""https://rdap.radix.host/rdap/domain/supervalu.store"",""rel"":""self"",""href"":""https://rdap.radix.host/rdap/domain/supervalu.store"",""type"":""application/rdap+json""}],""events"":[{""eventAction"":""registration"",""eventActor"":""namecheap"",""eventDate"":""2026-03-02T20:42:25.000Z""},{""eventAction"":""expiration"",""eventDate"":""2027-03-02T23:59:59.000Z""},{""eventAction"":""last changed"",""eventDate"":""2026-03-02T20:42:28.000Z""},{""eventAction"":""last update of RDAP database"",""eventDate"":""2026-05-02T14:25:16.343Z""}],""status"":[""client transfer prohibited""],""entities"":[{""objectClassName"":""entity"",""handle"":""1068"",""links"":[{""value"":""https://rdap.namecheap.com/"",""rel"":""about"",""href"":""https://rdap.radix.host/rdap/entity/1068"",""type"":""application/rdap+json""}],""events"":[{""eventAction"":""last update of RDAP database"",""eventDate"":""2026-05-02T14:25:16.343Z""}],""entities"":[{""objectClassName"":""entity"",""handle"":""CO_6cde62a0a6c1478560f419a6e3dc4a89-RADIX"",""events"":[{""eventAction"":""last update of RDAP database"",""eventDate"":""2026-05-02T14:25:16.343Z""}],""vcardArray"":[""vcard"",[[""version"",{},""text"",""4.0""],[""fn"",{},""text"",""Legal&Abuse Team""],[""org"",{},""text"",""NameCheap, Inc.""],[""adr"",{""cc"":""US""},""text"",["""","""",[""4600 East Washington Street, Suite 300"","""",""""],""Phoenix"",""Arizona"",""85034"",""""]],[""tel"",{""type"":""voice""},""uri"",""tel:+1.9854014545""],[""email"",{},""text"",""abuse@namecheap.com""]]],""roles"":[""abuse""]}],""vcardArray"":[""vcard"",[[""version"",{},""text"",""4.0""],[""fn"",{},""text"",""NameCheap, Inc.""],[""adr"",{""cc"":""US""},""text"",["""","""",""4600 East Washington Street, Suite 300  "",""Phoenix"",""Arizona"",""85034"",""""]],[""tel"",{""type"":""voice""},""uri"",""tel:+1.6027723958""],[""tel"",{""type"":""fax""},""uri"",""tel:+1.3102593259""],[""email"",{},""text"",""registry@namecheap.com""]]],""roles"":[""registrar""],""publicIds"":[{""type"":""IANA Registrar ID"",""identifier"":""1068""}]}],""redacted"":[{""name"":{""description"":null,""type"":""Registrant Contact""},""prePath"":""$.entities[?(@.roles[0]=='registrant')]"",""pathLang"":""jsonpath"",""method"":""removal""}],""ldhName"":""supervalu.store"",""unicodeName"":""supervalu.store"",""secureDNS"":{""delegationSigned"":false},""nameservers"":[{""objectClassName"":""nameserver"",""handle"":""H5818691-CNIC"",""events"":[{""eventAction"":""last update of RDAP database"",""eventDate"":""2026-05-02T14:25:16.343Z""}],""status"":[""associated""],""ldhName"":""chan.ns.cloudflare.com"",""unicodeName"":""chan.ns.cloudflare.com""},{""objectClassName"":""nameserver"",""handle"":""H22838261-CNIC"",""events"":[{""eventAction"":""last update of RDAP database"",""eventDate"":""2026-05-02T14:25:16.343Z""}],""status"":[""associated""],""ldhName"":""keenan.ns.cloudflare.com"",""unicodeName"":""keenan.ns.cloudflare.com""}]}","2606:4700:3037::6815:1140,2606:4700:3036::ac43:defe",,,,"keenan.ns.cloudflare.com.,chan.ns.cloudflare.com.","{""registration_date"":""2026-03-02T20:42:25Z"",""expiration_date"":""2027-03-02T23:59:59Z"",""updated_on"":""2026-03-02T20:42:28Z"",""status_codes"":[""ClientTransferProhibited""],""registrar"":""NameCheap, Inc."",""registrar_iana_id"":""1068"",""registrar_abuse_contact"":""N/A"",""url"":""https://rdap.radix.host/rdap/domain/supervalu.store"",""server"":null,""nameservers"":[""chan.ns.cloudflare.com"",""keenan.ns.cloudflare.com""],""dnssec_status"":""Unsigned"",""delegation_signer"":null,""privacy_proxy"":null,""icann_complaint_link"":""https://icann.org/wicf"",""reseller"":""N/A"",""timeline"":[{""Registration"":""2026-03-02T20:42:25Z""},{""Expiration"":""2027-03-02T23:59:59Z""},{""LastChanged"":""2026-03-02T20:42:28Z""}]}","{""domain"":""supervalu.store"",""status"":""active"",""tags"":""generic"",""zone"":""store"",""scope"":null,""offers"":[]}",null
supervaluinsurance.ie,FauxTld,9,46.43.41.185,EU,GB,35425,Iomart Managed Services Limited,,,,,,,,,,,"ns1.blacknight.com.,ns2.blacknight.com.,ns3.blacknight.com.,ns4.blacknight.com.",,"{""domain"":""supervaluinsurance.ie"",""status"":""active"",""tags"":""country geo"",""zone"":""ie"",""scope"":null,""offers"":[]}",null
supervalulife.ie,FauxTld,4,,,,,,,,,,,,,"alt2.emea.email.fireeyecloud.com.,alt1.emea.email.fireeyecloud.com.,alt3.emea.email.fireeyecloud.com.,primary.emea.email.fireeyecloud.com.",,,"ns2-34.azure-dns.net.,ns3-34.azure-dns.org.,ns1-34.azure-dns.com.,ns4-34.azure-dns.info.",,"{""domain"":""supervalulife.ie"",""status"":""active"",""tags"":""country geo"",""zone"":""ie"",""scope"":null,""offers"":[]}",null
supervalulifeinsurance.ie,FauxTld,13,,,,,,,,,,,,,,,,"ns1-03.azure-dns.com.,ns3-03.azure-dns.org.,ns2-03.azure-dns.net.,ns4-03.azure-dns.info.",,"{""domain"":""supervalulifeinsurance.ie"",""status"":""active"",""tags"":""country geo"",""zone"":""ie"",""scope"":null,""offers"":[]}",null
