domain,permutation,distance,ips,ips.geo.region,ips.geo.country,ips.geo.asn.number,ips.geo.asn.org,httpBanner,technologies,classification.legitimate,classification.parked,classification.phishing,whois,dnsAaaa,dnsMx,dnsTxt,dnsCname,dnsNs,registration_metadata,domainStatus,pageRank
dunnesstore.com,Omission,1,199.191.50.184,NA,VG,40034,Confluence Networks Inc,,,,,,"{""rdapConformance"":[""rdap_level_0"",""icann_rdap_technical_implementation_guide_1"",""icann_rdap_response_profile_1""],""notices"":[{""title"":""Terms of Service"",""description"":[""Service subject to Terms of Use.""],""links"":[{""value"":""https://rdap.verisign.com/com/v1/domain/dunnesstore.com"",""rel"":""terms-of-service"",""href"":""https://www.verisign.com/domain-names/registration-data-access-protocol/terms-service/index.xhtml"",""type"":""text/html""}]},{""title"":""Status Codes"",""description"":[""For more information on domain status codes, please visit https://icann.org/epp""],""links"":[{""href"":""https://icann.org/epp"",""type"":""text/html""}]},{""title"":""RDDS Inaccuracy Complaint Form"",""description"":[""URL of the ICANN RDDS Inaccuracy Complaint Form: https://icann.org/wicf""],""links"":[{""value"":""https://rdap.verisign.com/com/v1/domain/dunnesstore.com"",""rel"":""help"",""href"":""https://icann.org/wicf"",""type"":""text/html""}]}],""objectClassName"":""domain"",""handle"":""134940133_DOMAIN_COM-VRSN"",""links"":[{""value"":""https://rdap.verisign.com/com/v1/domain/DUNNESSTORE.COM"",""rel"":""self"",""href"":""https://rdap.verisign.com/com/v1/domain/DUNNESSTORE.COM"",""type"":""application/rdap+json""},{""value"":""https://rdapserver.net/domain/DUNNESSTORE.COM"",""rel"":""related"",""href"":""https://rdapserver.net/domain/DUNNESSTORE.COM"",""type"":""application/rdap+json""}],""events"":[{""eventAction"":""registration"",""eventDate"":""2004-11-12T20:10:42Z""},{""eventAction"":""expiration"",""eventDate"":""2026-11-12T20:10:42Z""},{""eventAction"":""last changed"",""eventDate"":""2025-10-24T21:28:29Z""},{""eventAction"":""last update of RDAP database"",""eventDate"":""2026-05-02T14:24:15Z""}],""status"":[""client transfer prohibited""],""entities"":[{""objectClassName"":""entity"",""handle"":""303"",""links"":[{""value"":""https://rdapserver.net/"",""rel"":""about"",""href"":""http://www.publicdomainregistry.com"",""type"":""text/html""}],""entities"":[{""objectClassName"":""entity"",""vcardArray"":[""vcard"",[[""version"",{},""text"",""4.0""],[""fn"",{},""text"",""""],[""tel"",{""type"":""voice""},""uri"",""tel:+1.2013775952""],[""email"",{},""text"",""abuse-contact@publicdomainregistry.com""]]],""roles"":[""abuse""]}],""vcardArray"":[""vcard"",[[""version"",{},""text"",""4.0""],[""fn"",{},""text"",""PDR Ltd. d/b/a PublicDomainRegistry.com""]]],""roles"":[""registrar""],""publicIds"":[{""type"":""IANA Registrar ID"",""identifier"":""303""}]}],""ldhName"":""DUNNESSTORE.COM"",""secureDNS"":{""delegationSigned"":false},""nameservers"":[{""objectClassName"":""nameserver"",""ldhName"":""NS111484.ZTOMY.COM""},{""objectClassName"":""nameserver"",""ldhName"":""NS211484.ZTOMY.COM""}]}",,\~.,v=spf1 a -all,,"ns111484.ztomy.com.,ns211484.ztomy.com.","{""registration_date"":""2004-11-12T20:10:42Z"",""expiration_date"":""2026-11-12T20:10:42Z"",""updated_on"":""2025-10-24T21:28:29Z"",""status_codes"":[""ClientTransferProhibited""],""registrar"":""PDR Ltd. d/b/a PublicDomainRegistry.com"",""registrar_iana_id"":""303"",""registrar_abuse_contact"":""N/A"",""url"":""https://rdap.verisign.com/com/v1/domain/DUNNESSTORE.COM"",""server"":null,""nameservers"":[""NS111484.ZTOMY.COM"",""NS211484.ZTOMY.COM""],""dnssec_status"":""Unsigned"",""delegation_signer"":null,""privacy_proxy"":null,""icann_complaint_link"":""https://icann.org/wicf"",""reseller"":""N/A"",""timeline"":[{""Registration"":""2004-11-12T20:10:42Z""},{""Expiration"":""2026-11-12T20:10:42Z""},{""LastChanged"":""2025-10-24T21:28:29Z""}]}","{""domain"":""dunnesstore.com"",""status"":""active"",""tags"":""generic"",""zone"":""com"",""scope"":null,""offers"":[]}",null
dunnestores.com,Omission,1,199.191.50.73,NA,VG,40034,Confluence Networks Inc,openresty,,,,,"{""rdapConformance"":[""rdap_level_0"",""icann_rdap_technical_implementation_guide_1"",""icann_rdap_response_profile_1""],""notices"":[{""title"":""Terms of Service"",""description"":[""Service subject to Terms of Use.""],""links"":[{""value"":""https://rdap.verisign.com/com/v1/domain/dunnestores.com"",""rel"":""terms-of-service"",""href"":""https://www.verisign.com/domain-names/registration-data-access-protocol/terms-service/index.xhtml"",""type"":""text/html""}]},{""title"":""Status Codes"",""description"":[""For more information on domain status codes, please visit https://icann.org/epp""],""links"":[{""href"":""https://icann.org/epp"",""type"":""text/html""}]},{""title"":""RDDS Inaccuracy Complaint Form"",""description"":[""URL of the ICANN RDDS Inaccuracy Complaint Form: https://icann.org/wicf""],""links"":[{""value"":""https://rdap.verisign.com/com/v1/domain/dunnestores.com"",""rel"":""help"",""href"":""https://icann.org/wicf"",""type"":""text/html""}]}],""objectClassName"":""domain"",""handle"":""120196500_DOMAIN_COM-VRSN"",""links"":[{""value"":""https://rdap.verisign.com/com/v1/domain/DUNNESTORES.COM"",""rel"":""self"",""href"":""https://rdap.verisign.com/com/v1/domain/DUNNESTORES.COM"",""type"":""application/rdap+json""},{""value"":""https://rdap.maprilis.com.vn/rdap/domain/DUNNESTORES.COM"",""rel"":""related"",""href"":""https://rdap.maprilis.com.vn/rdap/domain/DUNNESTORES.COM"",""type"":""application/rdap+json""}],""events"":[{""eventAction"":""registration"",""eventDate"":""2004-05-15T00:42:52Z""},{""eventAction"":""expiration"",""eventDate"":""2026-05-15T00:42:52Z""},{""eventAction"":""last changed"",""eventDate"":""2025-11-01T21:23:28Z""},{""eventAction"":""last update of RDAP database"",""eventDate"":""2026-05-02T14:24:15Z""}],""status"":[""client delete prohibited"",""client transfer prohibited"",""client update prohibited""],""entities"":[{""objectClassName"":""entity"",""handle"":""1475"",""links"":[{""value"":""https://rdap.maprilis.com.vn/rdap/"",""rel"":""about"",""href"":""http://www.maprilis.com.vn"",""type"":""text/html""}],""entities"":[{""objectClassName"":""entity"",""vcardArray"":[""vcard"",[[""version"",{},""text"",""4.0""],[""fn"",{},""text"",""""],[""tel"",{""type"":""voice""},""uri"",""tel:2128731170""],[""email"",{},""text"",""admin@maprilis.net""]]],""roles"":[""abuse""]}],""vcardArray"":[""vcard"",[[""version"",{},""text"",""4.0""],[""fn"",{},""text"",""April Sea Corporation Company Limited""]]],""roles"":[""registrar""],""publicIds"":[{""type"":""IANA Registrar ID"",""identifier"":""1475""}]}],""ldhName"":""DUNNESTORES.COM"",""secureDNS"":{""delegationSigned"":false},""nameservers"":[{""objectClassName"":""nameserver"",""ldhName"":""NS111373.ZTOMY.COM""},{""objectClassName"":""nameserver"",""ldhName"":""NS211373.ZTOMY.COM""}]}",,\~.,v=spf1 a -all,,"ns111373.ztomy.com.,ns211373.ztomy.com.","{""registration_date"":""2004-05-15T00:42:52Z"",""expiration_date"":""2026-05-15T00:42:52Z"",""updated_on"":""2025-11-01T21:23:28Z"",""status_codes"":[""ClientDeleteProhibited"",""ClientTransferProhibited"",""ClientUpdateProhibited""],""registrar"":""April Sea Corporation Company Limited"",""registrar_iana_id"":""1475"",""registrar_abuse_contact"":""N/A"",""url"":""https://rdap.verisign.com/com/v1/domain/DUNNESTORES.COM"",""server"":null,""nameservers"":[""NS111373.ZTOMY.COM"",""NS211373.ZTOMY.COM""],""dnssec_status"":""Unsigned"",""delegation_signer"":null,""privacy_proxy"":null,""icann_complaint_link"":""https://icann.org/wicf"",""reseller"":""N/A"",""timeline"":[{""Registration"":""2004-05-15T00:42:52Z""},{""Expiration"":""2026-05-15T00:42:52Z""},{""LastChanged"":""2025-11-01T21:23:28Z""}]}","{""domain"":""dunnestores.com"",""status"":""active"",""tags"":""generic"",""zone"":""com"",""scope"":null,""offers"":[]}",null
dunnes-stores.com,Bitsquatting,1,66.45.246.141,NA,US,19318,"Interserver, Inc",nginx/1.19.5,"Nginx:1.19.5,PHP:5.3.3,jQuery CDN,jQuery UI:1.11.3,jQuery:1.10.2",0.032449555,0.1183506,0.8491998,"{""rdapConformance"":[""rdap_level_0"",""icann_rdap_technical_implementation_guide_1"",""icann_rdap_response_profile_1""],""notices"":[{""title"":""Terms of Service"",""description"":[""Service subject to Terms of Use.""],""links"":[{""value"":""https://rdap.verisign.com/com/v1/domain/dunnes-stores.com"",""rel"":""terms-of-service"",""href"":""https://www.verisign.com/domain-names/registration-data-access-protocol/terms-service/index.xhtml"",""type"":""text/html""}]},{""title"":""Status Codes"",""description"":[""For more information on domain status codes, please visit https://icann.org/epp""],""links"":[{""href"":""https://icann.org/epp"",""type"":""text/html""}]},{""title"":""RDDS Inaccuracy Complaint Form"",""description"":[""URL of the ICANN RDDS Inaccuracy Complaint Form: https://icann.org/wicf""],""links"":[{""value"":""https://rdap.verisign.com/com/v1/domain/dunnes-stores.com"",""rel"":""help"",""href"":""https://icann.org/wicf"",""type"":""text/html""}]}],""objectClassName"":""domain"",""handle"":""1373362624_DOMAIN_COM-VRSN"",""links"":[{""value"":""https://rdap.verisign.com/com/v1/domain/DUNNES-STORES.COM"",""rel"":""self"",""href"":""https://rdap.verisign.com/com/v1/domain/DUNNES-STORES.COM"",""type"":""application/rdap+json""},{""value"":""https://rdap.nicco.com/domain/DUNNES-STORES.COM"",""rel"":""related"",""href"":""https://rdap.nicco.com/domain/DUNNES-STORES.COM"",""type"":""application/rdap+json""}],""events"":[{""eventAction"":""registration"",""eventDate"":""2008-01-07T11:07:10Z""},{""eventAction"":""expiration"",""eventDate"":""2027-01-07T11:07:10Z""},{""eventAction"":""last changed"",""eventDate"":""2026-01-08T08:12:41Z""},{""eventAction"":""last update of RDAP database"",""eventDate"":""2026-05-02T14:24:15Z""}],""status"":[""client delete prohibited"",""client transfer prohibited""],""entities"":[{""objectClassName"":""entity"",""handle"":""840"",""links"":[{""value"":""https://rdap.nicco.com/"",""rel"":""about"",""href"":""http://www.nicco.com"",""type"":""text/html""}],""entities"":[{""objectClassName"":""entity"",""vcardArray"":[""vcard"",[[""version"",{},""text"",""4.0""],[""fn"",{},""text"",""""],[""tel"",{""type"":""voice""},""uri"",""tel:+18664032975""],[""email"",{},""text"",""accreditation@nicco.com""]]],""roles"":[""abuse""]}],""vcardArray"":[""vcard"",[[""version"",{},""text"",""4.0""],[""fn"",{},""text"",""Nikko Reg LLP""]]],""roles"":[""registrar""],""publicIds"":[{""type"":""IANA Registrar ID"",""identifier"":""840""}]}],""ldhName"":""DUNNES-STORES.COM"",""secureDNS"":{""delegationSigned"":false},""nameservers"":[{""objectClassName"":""nameserver"",""ldhName"":""NS1.SERVERHOME.COM""},{""objectClassName"":""nameserver"",""ldhName"":""NS2.SERVERHOME.COM""}]}",,,yGjyZf7SHD,,"NS2.DOMAINRECOVER.com.,NS1.DOMAINRECOVER.com.","{""registration_date"":""2008-01-07T11:07:10Z"",""expiration_date"":""2027-01-07T11:07:10Z"",""updated_on"":""2026-01-08T08:12:41Z"",""status_codes"":[""ClientDeleteProhibited"",""ClientTransferProhibited""],""registrar"":""Nikko Reg LLP"",""registrar_iana_id"":""840"",""registrar_abuse_contact"":""N/A"",""url"":""https://rdap.verisign.com/com/v1/domain/DUNNES-STORES.COM"",""server"":null,""nameservers"":[""NS1.SERVERHOME.COM"",""NS2.SERVERHOME.COM""],""dnssec_status"":""Unsigned"",""delegation_signer"":null,""privacy_proxy"":null,""icann_complaint_link"":""https://icann.org/wicf"",""reseller"":""N/A"",""timeline"":[{""Registration"":""2008-01-07T11:07:10Z""},{""Expiration"":""2027-01-07T11:07:10Z""},{""LastChanged"":""2026-01-08T08:12:41Z""}]}","{""domain"":""dunnes-stores.com"",""status"":""active"",""tags"":""generic"",""zone"":""com"",""scope"":null,""offers"":[]}","{""domain"":""dunnes-stores.com"",""status_code"":200,""error"":null,""page_rank_integer"":1,""page_rank_decimal"":0.55,""rank"":""163045889"",""last_updated"":""28th Mar 2026""}"
dunnesstories.com,Bitsquatting,1,91.210.232.150,EU,IE,39122,Blacknight Internet Solutions Limited,,,,,,"{""rdapConformance"":[""rdap_level_0"",""icann_rdap_technical_implementation_guide_1"",""icann_rdap_response_profile_1""],""notices"":[{""title"":""Terms of Service"",""description"":[""Service subject to Terms of Use.""],""links"":[{""value"":""https://rdap.verisign.com/com/v1/domain/dunnesstories.com"",""rel"":""terms-of-service"",""href"":""https://www.verisign.com/domain-names/registration-data-access-protocol/terms-service/index.xhtml"",""type"":""text/html""}]},{""title"":""Status Codes"",""description"":[""For more information on domain status codes, please visit https://icann.org/epp""],""links"":[{""href"":""https://icann.org/epp"",""type"":""text/html""}]},{""title"":""RDDS Inaccuracy Complaint Form"",""description"":[""URL of the ICANN RDDS Inaccuracy Complaint Form: https://icann.org/wicf""],""links"":[{""value"":""https://rdap.verisign.com/com/v1/domain/dunnesstories.com"",""rel"":""help"",""href"":""https://icann.org/wicf"",""type"":""text/html""}]}],""objectClassName"":""domain"",""handle"":""2541727607_DOMAIN_COM-VRSN"",""links"":[{""value"":""https://rdap.verisign.com/com/v1/domain/DUNNESSTORIES.COM"",""rel"":""self"",""href"":""https://rdap.verisign.com/com/v1/domain/DUNNESSTORIES.COM"",""type"":""application/rdap+json""},{""value"":""https://rdap.namecheap.com/domain/DUNNESSTORIES.COM"",""rel"":""related"",""href"":""https://rdap.namecheap.com/domain/DUNNESSTORIES.COM"",""type"":""application/rdap+json""}],""events"":[{""eventAction"":""registration"",""eventDate"":""2020-06-25T18:42:39Z""},{""eventAction"":""expiration"",""eventDate"":""2026-06-25T18:42:39Z""},{""eventAction"":""last changed"",""eventDate"":""2025-05-26T07:09:50Z""},{""eventAction"":""last update of RDAP database"",""eventDate"":""2026-05-02T14:24:15Z""}],""status"":[""client transfer prohibited""],""entities"":[{""objectClassName"":""entity"",""handle"":""1068"",""links"":[{""value"":""https://rdap.namecheap.com/"",""rel"":""about"",""href"":""http://www.namecheap.com"",""type"":""text/html""}],""entities"":[{""objectClassName"":""entity"",""vcardArray"":[""vcard"",[[""version"",{},""text"",""4.0""],[""fn"",{},""text"",""""],[""tel"",{""type"":""voice""},""uri"",""tel:+1.6613102107""],[""email"",{},""text"",""abuse@namecheap.com""]]],""roles"":[""abuse""]}],""vcardArray"":[""vcard"",[[""version"",{},""text"",""4.0""],[""fn"",{},""text"",""NameCheap, Inc.""]]],""roles"":[""registrar""],""publicIds"":[{""type"":""IANA Registrar ID"",""identifier"":""1068""}]}],""ldhName"":""DUNNESSTORIES.COM"",""secureDNS"":{""delegationSigned"":false},""nameservers"":[{""objectClassName"":""nameserver"",""ldhName"":""NS1.WEBHOSTINGIRELAND.IE""},{""objectClassName"":""nameserver"",""ldhName"":""NS2.WEBHOSTINGIRELAND.IE""},{""objectClassName"":""nameserver"",""ldhName"":""NS3.WEBHOSTINGIRELAND.IE""},{""objectClassName"":""nameserver"",""ldhName"":""NS4.WEBHOSTINGIRELAND.EU""}]}",,mail.dunnesstories.com.,v=spf1 ip4:91.210.232.150 include:spf.webhostingireland.ie +a +mx ~all,,"ns1.webhostingireland.ie.,ns2.webhostingireland.ie.,ns4.webhostingireland.eu.,ns3.webhostingireland.ie.","{""registration_date"":""2020-06-25T18:42:39Z"",""expiration_date"":""2026-06-25T18:42:39Z"",""updated_on"":""2025-05-26T07:09:50Z"",""status_codes"":[""ClientTransferProhibited""],""registrar"":""NameCheap, Inc."",""registrar_iana_id"":""1068"",""registrar_abuse_contact"":""N/A"",""url"":""https://rdap.verisign.com/com/v1/domain/DUNNESSTORIES.COM"",""server"":null,""nameservers"":[""NS1.WEBHOSTINGIRELAND.IE"",""NS2.WEBHOSTINGIRELAND.IE"",""NS3.WEBHOSTINGIRELAND.IE"",""NS4.WEBHOSTINGIRELAND.EU""],""dnssec_status"":""Unsigned"",""delegation_signer"":null,""privacy_proxy"":null,""icann_complaint_link"":""https://icann.org/wicf"",""reseller"":""N/A"",""timeline"":[{""Registration"":""2020-06-25T18:42:39Z""},{""Expiration"":""2026-06-25T18:42:39Z""},{""LastChanged"":""2025-05-26T07:09:50Z""}]}","{""domain"":""dunnesstories.com"",""status"":""active"",""tags"":""generic"",""zone"":""com"",""scope"":null,""offers"":[]}","{""domain"":""dunnesstories.com"",""status_code"":200,""error"":null,""page_rank_integer"":0,""page_rank_decimal"":0,""rank"":""248932192"",""last_updated"":""28th Mar 2026""}"
dunnesstores.co,Omission,1,,,,,,,,,,,,,,,,"ns1.blacknight.com.,ns2.blacknight.com.",,"{""domain"":""dunnesstores.co"",""status"":""active"",""tags"":""country geo"",""zone"":""co"",""scope"":null,""offers"":[]}",null
dunnesstoresoffers.com,Keyword,6,104.18.26.78,,,13335,"Cloudflare, Inc.",,,,,,"{""rdapConformance"":[""rdap_level_0"",""icann_rdap_technical_implementation_guide_1"",""icann_rdap_response_profile_1""],""notices"":[{""title"":""Terms of Service"",""description"":[""Service subject to Terms of Use.""],""links"":[{""value"":""https://rdap.verisign.com/com/v1/domain/dunnesstoresoffers.com"",""rel"":""terms-of-service"",""href"":""https://www.verisign.com/domain-names/registration-data-access-protocol/terms-service/index.xhtml"",""type"":""text/html""}]},{""title"":""Status Codes"",""description"":[""For more information on domain status codes, please visit https://icann.org/epp""],""links"":[{""href"":""https://icann.org/epp"",""type"":""text/html""}]},{""title"":""RDDS Inaccuracy Complaint Form"",""description"":[""URL of the ICANN RDDS Inaccuracy Complaint Form: https://icann.org/wicf""],""links"":[{""value"":""https://rdap.verisign.com/com/v1/domain/dunnesstoresoffers.com"",""rel"":""help"",""href"":""https://icann.org/wicf"",""type"":""text/html""}]}],""objectClassName"":""domain"",""handle"":""3054756968_DOMAIN_COM-VRSN"",""links"":[{""value"":""https://rdap.verisign.com/com/v1/domain/DUNNESSTORESOFFERS.COM"",""rel"":""self"",""href"":""https://rdap.verisign.com/com/v1/domain/DUNNESSTORESOFFERS.COM"",""type"":""application/rdap+json""},{""value"":""https://rdap.hkdns.hk/rdap/domain/DUNNESSTORESOFFERS.COM"",""rel"":""related"",""href"":""https://rdap.hkdns.hk/rdap/domain/DUNNESSTORESOFFERS.COM"",""type"":""application/rdap+json""}],""events"":[{""eventAction"":""registration"",""eventDate"":""2026-01-06T09:01:38Z""},{""eventAction"":""expiration"",""eventDate"":""2027-01-06T09:01:38Z""},{""eventAction"":""last changed"",""eventDate"":""2026-01-06T09:01:38Z""},{""eventAction"":""last update of RDAP database"",""eventDate"":""2026-05-02T14:24:15Z""}],""status"":[""active""],""entities"":[{""objectClassName"":""entity"",""handle"":""1915"",""links"":[{""value"":""https://rdap.hkdns.hk/rdap/"",""rel"":""about"",""href"":""http://www.hkdns.hk"",""type"":""text/html""}],""entities"":[{""objectClassName"":""entity"",""vcardArray"":[""vcard"",[[""version"",{},""text"",""4.0""],[""fn"",{},""text"",""""],[""tel"",{""type"":""voice""},""uri"",""tel:0852.30697963""],[""email"",{},""text"",""abuse@hkdns.hk""]]],""roles"":[""abuse""]}],""vcardArray"":[""vcard"",[[""version"",{},""text"",""4.0""],[""fn"",{},""text"",""West263 International Limited""]]],""roles"":[""registrar""],""publicIds"":[{""type"":""IANA Registrar ID"",""identifier"":""1915""}]}],""ldhName"":""DUNNESSTORESOFFERS.COM"",""secureDNS"":{""delegationSigned"":false},""nameservers"":[{""objectClassName"":""nameserver"",""ldhName"":""NS1.VIZO-DNS.COM""},{""objectClassName"":""nameserver"",""ldhName"":""NS2.VIZO-DNS.COM""}]}",,,,,"ns1.ec-dns.com.,ns2.ec-dns.com.","{""registration_date"":""2026-01-06T09:01:38Z"",""expiration_date"":""2027-01-06T09:01:38Z"",""updated_on"":""2026-01-06T09:01:38Z"",""status_codes"":[""Ok""],""registrar"":""West263 International Limited"",""registrar_iana_id"":""1915"",""registrar_abuse_contact"":""N/A"",""url"":""https://rdap.verisign.com/com/v1/domain/DUNNESSTORESOFFERS.COM"",""server"":null,""nameservers"":[""NS1.VIZO-DNS.COM"",""NS2.VIZO-DNS.COM""],""dnssec_status"":""Unsigned"",""delegation_signer"":null,""privacy_proxy"":null,""icann_complaint_link"":""https://icann.org/wicf"",""reseller"":""N/A"",""timeline"":[{""Registration"":""2026-01-06T09:01:38Z""},{""Expiration"":""2027-01-06T09:01:38Z""},{""LastChanged"":""2026-01-06T09:01:38Z""}]}","{""domain"":""dunnesstoresoffers.com"",""status"":""active"",""tags"":""generic"",""zone"":""com"",""scope"":null,""offers"":[]}",null
dunnesstoresofficial.com,Keyword,8,34.54.200.74,NA,US,396982,Google LLC,nginx,,,,,"{""rdapConformance"":[""rdap_level_0"",""icann_rdap_technical_implementation_guide_1"",""icann_rdap_response_profile_1""],""notices"":[{""title"":""Terms of Service"",""description"":[""Service subject to Terms of Use.""],""links"":[{""value"":""https://rdap.verisign.com/com/v1/domain/dunnesstoresofficial.com"",""rel"":""terms-of-service"",""href"":""https://www.verisign.com/domain-names/registration-data-access-protocol/terms-service/index.xhtml"",""type"":""text/html""}]},{""title"":""Status Codes"",""description"":[""For more information on domain status codes, please visit https://icann.org/epp""],""links"":[{""href"":""https://icann.org/epp"",""type"":""text/html""}]},{""title"":""RDDS Inaccuracy Complaint Form"",""description"":[""URL of the ICANN RDDS Inaccuracy Complaint Form: https://icann.org/wicf""],""links"":[{""value"":""https://rdap.verisign.com/com/v1/domain/dunnesstoresofficial.com"",""rel"":""help"",""href"":""https://icann.org/wicf"",""type"":""text/html""}]}],""objectClassName"":""domain"",""handle"":""3080080542_DOMAIN_COM-VRSN"",""links"":[{""value"":""https://rdap.verisign.com/com/v1/domain/DUNNESSTORESOFFICIAL.COM"",""rel"":""self"",""href"":""https://rdap.verisign.com/com/v1/domain/DUNNESSTORESOFFICIAL.COM"",""type"":""application/rdap+json""},{""value"":""https://rdap.hkdns.hk/rdap/domain/DUNNESSTORESOFFICIAL.COM"",""rel"":""related"",""href"":""https://rdap.hkdns.hk/rdap/domain/DUNNESSTORESOFFICIAL.COM"",""type"":""application/rdap+json""}],""events"":[{""eventAction"":""registration"",""eventDate"":""2026-03-24T06:15:16Z""},{""eventAction"":""expiration"",""eventDate"":""2027-03-24T06:15:16Z""},{""eventAction"":""last changed"",""eventDate"":""2026-03-24T06:15:16Z""},{""eventAction"":""last update of RDAP database"",""eventDate"":""2026-05-02T14:24:15Z""}],""status"":[""active""],""entities"":[{""objectClassName"":""entity"",""handle"":""1915"",""links"":[{""value"":""https://rdap.hkdns.hk/rdap/"",""rel"":""about"",""href"":""http://www.hkdns.hk"",""type"":""text/html""}],""entities"":[{""objectClassName"":""entity"",""vcardArray"":[""vcard"",[[""version"",{},""text"",""4.0""],[""fn"",{},""text"",""""],[""tel"",{""type"":""voice""},""uri"",""tel:0852.30697963""],[""email"",{},""text"",""abuse@hkdns.hk""]]],""roles"":[""abuse""]}],""vcardArray"":[""vcard"",[[""version"",{},""text"",""4.0""],[""fn"",{},""text"",""West263 International Limited""]]],""roles"":[""registrar""],""publicIds"":[{""type"":""IANA Registrar ID"",""identifier"":""1915""}]}],""ldhName"":""DUNNESSTORESOFFICIAL.COM"",""secureDNS"":{""delegationSigned"":false},""nameservers"":[{""objectClassName"":""nameserver"",""ldhName"":""NS1.HTTP-DNS.COM""},{""objectClassName"":""nameserver"",""ldhName"":""NS2.HTTP-DNS.COM""}]}",,,,,"ns1.ec-dns.com.,ns2.ec-dns.com.","{""registration_date"":""2026-03-24T06:15:16Z"",""expiration_date"":""2027-03-24T06:15:16Z"",""updated_on"":""2026-03-24T06:15:16Z"",""status_codes"":[""Ok""],""registrar"":""West263 International Limited"",""registrar_iana_id"":""1915"",""registrar_abuse_contact"":""N/A"",""url"":""https://rdap.verisign.com/com/v1/domain/DUNNESSTORESOFFICIAL.COM"",""server"":null,""nameservers"":[""NS1.HTTP-DNS.COM"",""NS2.HTTP-DNS.COM""],""dnssec_status"":""Unsigned"",""delegation_signer"":null,""privacy_proxy"":null,""icann_complaint_link"":""https://icann.org/wicf"",""reseller"":""N/A"",""timeline"":[{""Registration"":""2026-03-24T06:15:16Z""},{""Expiration"":""2027-03-24T06:15:16Z""},{""LastChanged"":""2026-03-24T06:15:16Z""}]}","{""domain"":""dunnesstoresofficial.com"",""status"":""active"",""tags"":""generic"",""zone"":""com"",""scope"":null,""offers"":[]}",null
dunnesstores.co.uk,Tld,3,199.191.50.185,NA,VG,40034,Confluence Networks Inc,openresty,,,,,,,\~.,v=spf1 a -all,,"ns211485.ztomy.com.,ns111485.ztomy.com.",,"{""domain"":""dunnesstores.co.uk"",""status"":""active"",""tags"":"""",""zone"":""co.uk"",""scope"":null,""offers"":[]}",null
dunnesstores.es,Tld,3,103.224.212.205,OC,AU,133618,Trellian Pty. Limited,Apache,,,,,,,park-mx.above.com.,"0ad094978b47130a6a809a0396525cae21191ed6,v=spf1 ip6:fdcf:abda:4154::/48 -all",,"ns1.abovedomains.com.,ns2.abovedomains.com.",,"{""domain"":""dunnesstores.es"",""status"":""active"",""tags"":""country geo"",""zone"":""es"",""scope"":null,""offers"":[]}",null
dunnesstores.eu,Tld,3,,,,,,,,,,,,,,,,"ns1.blacknight.com.,ns3.blacknight.com.,ns4.blacknight.com.,ns2.blacknight.com.",,"{""domain"":""dunnesstores.eu"",""status"":""active"",""tags"":""country geo"",""zone"":""eu"",""scope"":null,""offers"":[]}",null
dunnesstores.fm,Tld,2,,,,,,,,,,,,,,"v=spf1 ip6:fddb:0cf4:a3cf::/48 -all,bio=95866ffa72b905b06f2ac03e95657df9d17c4f47",,,,"{""domain"":""dunnesstores.fm"",""status"":""inactive"",""tags"":""country geo"",""zone"":""fm"",""scope"":null,""offers"":[]}",null
dunnesstores.gov.bz,Tld,5,,,,,,,,,,,,,,,,,,"{""domain"":""dunnesstores.gov.bz"",""status"":""undelegated"",""tags"":"""",""zone"":""gov.bz"",""scope"":null,""offers"":[]}",null
dunnesstores.gov.by,Tld,5,,,,,,,,,,,,,,,,,,"{""domain"":""dunnesstores.gov.by"",""status"":""unknown"",""tags"":"""",""zone"":""gov.by"",""scope"":null,""offers"":[]}",null
dunnesstores.gov.pw,Tld,5,,,,,,,,,,,,,,,,,,"{""domain"":""dunnesstores.gov.pw"",""status"":""undelegated active"",""tags"":"""",""zone"":""gov.pw"",""scope"":null,""offers"":[]}",null
dunnesstores.id.cv,Tld,5,,,,,,,,,,,,,,,,,,null,null
dunnesstores.ie,Tld,3,80.69.31.107,EU,GB,15830,Equinix (EMEA) Acquisition Enterprises B.V.,,,,,,,,dunnesstores-ie.mail.protection.outlook.com.,v=spf1 ip4:185.114.163.240/30 include:spf.protection.outlook.com include:spf.logicalware.com include:mailgun.org ~all,,"ns1.blacknight.com.,ns3.blacknight.com.,ns4.blacknight.com.,ns2.blacknight.com.",,"{""domain"":""dunnesstores.ie"",""status"":""active"",""tags"":""country geo"",""zone"":""ie"",""scope"":null,""offers"":[]}","{""domain"":""dunnesstores.ie"",""status_code"":200,""error"":null,""page_rank_integer"":1,""page_rank_decimal"":1.3,""rank"":""105716974"",""last_updated"":""28th Mar 2026""}"
dunnesstores.ir,Tld,3,,,,,,,,,,,,,,,,,,null,null
dunnesstores.lat,Tld,3,104.18.13.234,,,13335,"Cloudflare, Inc.",cloudflare,,,,,"{""rdapConformance"":[""icann_rdap_response_profile_1"",""icann_rdap_technical_implementation_guide_1"",""rdap_level_0""],""notices"":[{""title"":""Status Codes"",""description"":[""For more information on domain status codes, please visit https://icann.org/epp""],""links"":[{""value"":""https://rdap.centralnic.com/lat/domain/dunnesstores.lat"",""rel"":""glossary"",""href"":""https://icann.org/epp"",""title"":""More information on domain status codes""}]},{""title"":""Terms of Use"",""description"":[""For more information on Whois status codes, please visit https://icann.org/epp"","""","">>> IMPORTANT INFORMATION ABOUT THE DEPLOYMENT OF RDAP: please visit"",""https://www.centralnicregistry.com/support/information/rdap <<<"","""",""The registration data available in this service is limited. Additional"",""data may be available at https://lookup.icann.org"","""",""The Whois and RDAP services are provided by CentralNic, and contain"",""information pertaining to Internet domain names registered by our"",""our customers. By using this service you are agreeing (1) not to use any"",""information presented here for any purpose other than determining"",""ownership of domain names, (2) not to store or reproduce this data in"",""any way, (3) not to use any high-volume, automated, electronic processes"",""to obtain data from this service. Abuse of this service is monitored and"",""actions in contravention of these terms will result in being permanently"",""blacklisted. All data is (c) CentralNic Ltd (https://www.centralnicregistry.com)"","""",""Access to the Whois and RDAP services is rate limited. For more"",""information, visit https://centralnicregistry.com/policies/whois-guidance.""],""links"":[{""value"":""https://rdap.centralnic.com/lat/domain/dunnesstores.lat"",""rel"":""terms-of-service"",""href"":""https://www.centralnicregistry.com/"",""title"":""Terms of Use""}]},{""title"":""RDDS Inaccuracy Complaint Form"",""description"":[""URL of the ICANN RDDS Inaccuracy Complaint Form: https://icann.org/wicf""],""links"":[{""value"":""https://rdap.centralnic.com/lat/domain/dunnesstores.lat"",""rel"":""help"",""href"":""https://icann.org/wicf"",""title"":""ICANN RDDS Inaccuracy Complaint Form""}]}],""objectClassName"":""domain"",""handle"":""D617916012-CNIC"",""links"":[{""value"":""https://rdap.centralnic.com/lat/domain/dunnesstores.lat"",""rel"":""self"",""href"":""https://rdap.centralnic.com/lat/domain/dunnesstores.lat"",""title"":""Authoritative URL for this resource"",""type"":""application/rdap+json""},{""value"":""https://rdap.centralnic.com/lat/domain/dunnesstores.lat"",""rel"":""help"",""href"":""https://whois.nic.lat/rdap"",""title"":""RDAP Service Help"",""type"":""text/html""},{""value"":""https://rdap.centralnic.com/lat/domain/dunnesstores.lat"",""rel"":""related"",""href"":""https://rdap.spaceship.com/domain/dunnesstores.lat"",""title"":""URL of Sponsoring Registrar's RDAP Record"",""type"":""application/rdap+json""}],""events"":[{""eventAction"":""registration"",""eventDate"":""2025-11-06T08:52:42.0Z""},{""eventAction"":""expiration"",""eventDate"":""2026-11-06T23:59:59.0Z""},{""eventAction"":""last update of RDAP database"",""eventDate"":""2026-05-02T14:24:40.0Z""},{""eventAction"":""last changed"",""eventDate"":""2025-12-04T12:06:54.0Z""}],""status"":[""client transfer prohibited""],""port43"":""whois.nic.lat"",""entities"":[{""objectClassName"":""entity"",""handle"":""3862"",""links"":[{""value"":""https://rdap.centralnic.com/lat/domain/dunnesstores.lat"",""rel"":""self"",""href"":""https://rdap.centralnic.com/lat/entity/3862"",""title"":""Authoritative URL for this resource"",""type"":""application/rdap+json""},{""value"":""https://rdap.spaceship.com/"",""rel"":""about"",""href"":""https://www.spaceship.com/"",""title"":""Registrar's Website""}],""entities"":[{""objectClassName"":""entity"",""handle"":""not applicable"",""vcardArray"":[""vcard"",[[""version"",{},""text"",""4.0""],[""fn"",{},""text"",""Abuse Contact""],[""org"",{},""text"",""Spaceship, Inc.""],[""email"",{},""text"",""abuse@spaceship.com""],[""tel"",{""type"":""voice""},""uri"",""tel:+1.9854014545""]]],""roles"":[""abuse""]}],""vcardArray"":[""vcard"",[[""version"",{},""text"",""4.0""],[""fn"",{},""text"",""Spaceship, Inc.""]]],""roles"":[""registrar""],""publicIds"":[{""type"":""IANA Registrar ID"",""identifier"":""3862""}]}],""ldhName"":""dunnesstores.lat"",""secureDNS"":{""delegationSigned"":false},""nameservers"":[{""objectClassName"":""nameserver"",""handle"":""H133171-CNIC"",""links"":[{""value"":""https://rdap.centralnic.com/lat/domain/dunnesstores.lat"",""rel"":""self"",""href"":""https://rdap.centralnic.com/lat/nameserver/carl.ns.cloudflare.com"",""title"":""Authoritative URL for this resource"",""type"":""application/rdap+json""}],""ldhName"":""carl.ns.cloudflare.com""},{""objectClassName"":""nameserver"",""handle"":""H5212073-CNIC"",""links"":[{""value"":""https://rdap.centralnic.com/lat/domain/dunnesstores.lat"",""rel"":""self"",""href"":""https://rdap.centralnic.com/lat/nameserver/sima.ns.cloudflare.com"",""title"":""Authoritative URL for this resource"",""type"":""application/rdap+json""}],""ldhName"":""sima.ns.cloudflare.com""}]}",,,,,"sima.ns.cloudflare.com.,carl.ns.cloudflare.com.","{""registration_date"":""2025-11-06T08:52:42Z"",""expiration_date"":""2026-11-06T23:59:59Z"",""updated_on"":""2025-12-04T12:06:54Z"",""status_codes"":[""ClientTransferProhibited""],""registrar"":""Spaceship, Inc."",""registrar_iana_id"":""3862"",""registrar_abuse_contact"":""N/A"",""url"":""https://rdap.centralnic.com/lat/domain/dunnesstores.lat"",""server"":null,""nameservers"":[""carl.ns.cloudflare.com"",""sima.ns.cloudflare.com""],""dnssec_status"":""Unsigned"",""delegation_signer"":null,""privacy_proxy"":null,""icann_complaint_link"":""https://icann.org/wicf"",""reseller"":""N/A"",""timeline"":[{""Registration"":""2025-11-06T08:52:42Z""},{""Expiration"":""2026-11-06T23:59:59Z""},{""LastChanged"":""2025-12-04T12:06:54Z""}]}","{""domain"":""dunnesstores.lat"",""status"":""active"",""tags"":""generic"",""zone"":""lat"",""scope"":null,""offers"":[]}",null
dunnesstores.shop,Tld,3,"104.21.25.146,172.67.134.80,2606:4700:3035::6815:1992,2606:4700:3034::ac43:8650",",,,",",,,","13335,13335,,","Cloudflare, Inc.,Cloudflare, Inc.,,",cloudflare,"Cloudflare,HTTP/3",0.45874006,0.3046052,0.23665479,,"2606:4700:3035::6815:1992,2606:4700:3034::ac43:8650",,google-site-verification=wiLjRVLLJb6FcPNfLw6zjb2HiZ911I00Y_IKzQJ2-xg,,"zita.ns.cloudflare.com.,dean.ns.cloudflare.com.",,"{""domain"":""dunnesstores.shop"",""status"":""active"",""tags"":""generic"",""zone"":""shop"",""scope"":null,""offers"":[]}",null
dunnesstores.tv,Tld,3,,,,,,,,,,,"{""rdapConformance"":[""rdap_level_0"",""icann_rdap_response_profile_1"",""icann_rdap_technical_implementation_guide_1"",""redacted""],""notices"":[{""title"":""Status Codes"",""description"":[""For more information on domain status codes, please visit https://icann.org/epp""],""links"":[{""value"":""https://rdap.nic.tv/domain/dunnesstores.tv"",""rel"":""glossary"",""href"":""https://icann.org/epp"",""type"":""text/html""}]},{""title"":""RDDS Inaccuracy Complaint Form"",""description"":[""URL of the ICANN RDDS Inaccuracy Complaint Form: https://icann.org/wicf""],""links"":[{""value"":""https://rdap.nic.tv/domain/dunnesstores.tv"",""rel"":""help"",""href"":""https://icann.org/wicf"",""type"":""text/html""}]},{""title"":""RDAP Terms of Service"",""description"":[""The RDAP service (the Service) offered by Registry Services LLC, or our designated representatives (GoDaddy Registry), is provided for informational purposes only and is designed to assist a user (you) to look up certain information related to the registration records of existing domain names."",""The information provided by the Service is ‘as is’ and we make no guarantee of its accuracy. Registry Services LLC cannot, under any circumstances, be held liable in such instances where the stored information would prove to be wrong, incomplete, or not accurate in any sense."",""By submitting a query, you agree that you will not use this data"",""(i)            to allow, enable or otherwise support in any way the transmission of unsolicited, commercial advertising or other solicitations whether via direct mail, email, telephone or otherwise;"",""(ii)           to enable high volume, automated, electronic processes that apply to the Service or associated systems;"",""(iii)          for targeted advertising in any possible way;"",""(iv)         to cause nuisance in any possible way to individuals by sending (whether by automated, electronic processes capable of enabling high volumes or other possible means) messages to them;"",""(v)          in a way that is inconsistent with any applicable laws rule, regulation or statute or any policy issued by Registry Services LLC; and/or"",""(vi)         in contravention of any applicable data and privacy protection acts."",""Without prejudice to the above, the copying, compilation, repackaging, dissemination or other use of the information provided by the Service is explicitly forbidden without prior and explicit permission by Registry Services LLC."",""By your use of the Service you agree to abide by these Terms of Service and accept that Registry Services LLC can take measures to limit the use of the Service in order to protect the privacy of registrants or the integrity of the Service. Registry Services LLC may restrict, suspend or terminate your access to the Service at any time. Registry Services LLC reserve the right to make changes to the Service and these Terms of Service at any time without prior notice to you. It is your responsibility to review these Terms of Service each time you access or use the Service to keep apprised of any changes. If you do not agree to the changes implemented by Registry Services LLC, your sole and exclusive remedy is to terminate your use of the Service."",""By executing a query, in any manner whatsoever, you agree to abide by these Terms of Service.""],""links"":[{""value"":""https://rdap.nic.tv/domain/dunnesstores.tv"",""rel"":""terms-of-service"",""href"":""https://www.registry.godaddy/rdap"",""type"":""text/html""}]}],""objectClassName"":""domain"",""links"":[{""value"":""https://rdap.nic.tv/domain/dunnesstores.tv"",""rel"":""related"",""href"":""https://rdap.blacknight.com/domain/dunnesstores.tv"",""title"":""Registrar RDAP server object record"",""type"":""application/rdap+json""},{""value"":""https://rdap.nic.tv/domain/dunnesstores.tv"",""rel"":""self"",""href"":""https://rdap.nic.tv/domain/dunnesstores.tv"",""title"":""Authoritative Registry object record"",""type"":""application/rdap+json""}],""events"":[{""eventAction"":""registration"",""eventActor"":""Network Solutions, LLC"",""eventDate"":""2012-03-06T11:18:46Z""},{""eventAction"":""expiration"",""eventDate"":""2029-03-06T11:18:46Z""},{""eventAction"":""last changed"",""eventDate"":""2026-01-24T09:40:36Z""},{""eventAction"":""last update of RDAP database"",""eventDate"":""2026-05-02T14:24:54Z""}],""status"":[""client transfer prohibited""],""entities"":[{""objectClassName"":""entity"",""vcardArray"":[""vcard"",[[""version"",{},""text"",""4.0""],[""fn"",{},""text"",""""],[""adr"",{""cc"":""IE""},""text"",["""","""","""","""",""Co. Dublin"","""",""""]]]],""roles"":[""registrant""]},{""objectClassName"":""entity"",""vcardArray"":[""vcard"",[[""version"",{},""text"",""4.0""],[""fn"",{},""text"",""""]]],""roles"":[""technical""]},{""objectClassName"":""entity"",""handle"":""1448"",""links"":[{""value"":""https://rdap.nic.tv/entity/1448"",""rel"":""self"",""href"":""https://rdap.nic.tv/entity/1448"",""title"":""Authoritative Registry object record"",""type"":""application/rdap+json""},{""value"":""https://rdap.blacknight.com/"",""rel"":""about"",""href"":""www.blacknight.com"",""title"":""Registrar Details object record"",""type"":""application/rdap+json""}],""events"":[{""eventAction"":""registration"",""eventActor"":""REGISTRY"",""eventDate"":""2009-03-25T21:38:46Z""},{""eventAction"":""last changed"",""eventActor"":""REGISTRY"",""eventDate"":""2025-07-23T15:33:18Z""}],""entities"":[{""objectClassName"":""entity"",""vcardArray"":[""vcard"",[[""version"",{},""text"",""4.0""],[""fn"",{},""text"",""Blacknight Internet Solutions Ltd.""],[""tel"",{""type"":""voice""},""uri"",""tel:+353.599183072""],[""email"",{},""text"",""abuse@blacknight.com""]]],""roles"":[""abuse""]}],""vcardArray"":[""vcard"",[[""version"",{},""text"",""4.0""],[""fn"",{},""text"",""Blacknight Internet Solutions Ltd.""],[""adr"",{""cc"":""IE""},""text"",["""","""",[""12A"",""Barrowside Business park"",""""],""Carlow"",""Co Carlow"",""R93 X265"",""""]],[""tel"",{""type"":""voice""},""uri"",""tel:+353.599183072""],[""email"",{},""text"",""sales@blacknight.com""]]],""roles"":[""registrar""],""publicIds"":[{""type"":""IANA Registrar ID"",""identifier"":""1448""}]}],""redacted"":[{""name"":{""description"":null,""type"":""Registry Domain ID""},""reason"":{""description"":""Server policy"",""type"":null},""prePath"":""$.handle"",""pathLang"":""jsonpath"",""method"":""removal""},{""name"":{""description"":null,""type"":""Registry Registrant ID""},""reason"":{""description"":""Server policy"",""type"":null},""prePath"":""$.entities[?(@.roles[0]=='registrant')].handle"",""pathLang"":""jsonpath"",""method"":""removal""},{""name"":{""description"":null,""type"":""Registrant Name""},""reason"":{""description"":""Server policy"",""type"":null},""postPath"":""$.entities[?(@.roles[0]=='registrant')].vcardArray[1][?(@[0]=='fn')][3]"",""pathLang"":""jsonpath"",""method"":""emptyValue""},{""name"":{""description"":null,""type"":""Registrant Organization""},""reason"":{""description"":""Server policy"",""type"":null},""prePath"":""$.entities[?(@.roles[0]=='registrant')].vcardArray[1][?(@[0]=='org')]"",""pathLang"":""jsonpath"",""method"":""removal""},{""name"":{""description"":null,""type"":""Registrant Street""},""reason"":{""description"":""Server policy"",""type"":null},""postPath"":""$.entities[?(@.roles[0]=='registrant')].vcardArray[1][?(@[0]=='adr')][3][2]"",""pathLang"":""jsonpath"",""method"":""emptyValue""},{""name"":{""description"":null,""type"":""Registrant City""},""reason"":{""description"":""Server policy"",""type"":null},""postPath"":""$.entities[?(@.roles[0]=='registrant')].vcardArray[1][?(@[0]=='adr')][3][3]"",""pathLang"":""jsonpath"",""method"":""emptyValue""},{""name"":{""description"":null,""type"":""Registrant Postal Code""},""reason"":{""description"":""Server policy"",""type"":null},""postPath"":""$.entities[?(@.roles[0]=='registrant')].vcardArray[1][?(@[0]=='adr')][3][5]"",""pathLang"":""jsonpath"",""method"":""emptyValue""},{""name"":{""description"":null,""type"":""Registrant Email""},""reason"":{""description"":""Server policy"",""type"":null},""prePath"":""$.entities[?(@.roles[0]=='registrant')].vcardArray[1][?(@[0]=='email')]"",""pathLang"":""jsonpath"",""method"":""removal""},{""name"":{""description"":null,""type"":""Registrant Phone""},""reason"":{""description"":""Server policy"",""type"":null},""prePath"":""$.entities[?(@.roles[0]=='registrant')].vcardArray[1][?(@[1].type=='voice')]"",""pathLang"":""jsonpath"",""method"":""removal""},{""name"":{""description"":null,""type"":""Registrant Phone Ext""},""reason"":{""description"":""Server policy"",""type"":null},""prePath"":""$.entities[?(@.roles[0]=='registrant')].vcardArray[1][?(@[1].type=='voice')]"",""pathLang"":""jsonpath"",""method"":""removal""},{""name"":{""description"":null,""type"":""Registrant Fax""},""reason"":{""description"":""Server policy"",""type"":null},""prePath"":""$.entities[?(@.roles[0]=='registrant')].vcardArray[1][?(@[1].type=='fax')]"",""pathLang"":""jsonpath"",""method"":""removal""},{""name"":{""description"":null,""type"":""Registrant Fax Ext""},""reason"":{""description"":""Server policy"",""type"":null},""prePath"":""$.entities[?(@.roles[0]=='registrant')].vcardArray[1][?(@[1].type=='fax')]"",""pathLang"":""jsonpath"",""method"":""removal""},{""name"":{""description"":null,""type"":""Registry Tech ID""},""reason"":{""description"":""Server policy"",""type"":null},""prePath"":""$.entities[?(@.roles[0]=='technical')].handle"",""pathLang"":""jsonpath"",""method"":""removal""},{""name"":{""description"":null,""type"":""Tech Name""},""reason"":{""description"":""Server policy"",""type"":null},""postPath"":""$.entities[?(@.roles[0]=='technical')].vcardArray[1][?(@[0]=='fn')][3]"",""pathLang"":""jsonpath"",""method"":""emptyValue""},{""name"":{""description"":null,""type"":""Tech Email""},""reason"":{""description"":""Server policy"",""type"":null},""prePath"":""$.entities[?(@.roles[0]=='technical')].vcardArray[1][?(@[0]=='email')]"",""pathLang"":""jsonpath"",""method"":""removal""},{""name"":{""description"":null,""type"":""Tech Phone""},""reason"":{""description"":""Server policy"",""type"":null},""prePath"":""$.entities[?(@.roles[0]=='technical')].vcardArray[1][?(@[1].type=='voice')]"",""pathLang"":""jsonpath"",""method"":""removal""},{""name"":{""description"":null,""type"":""Tech Phone Ext""},""reason"":{""description"":""Server policy"",""type"":null},""prePath"":""$.entities[?(@.roles[0]=='technical')].vcardArray[1][?(@[1].type=='voice')]"",""pathLang"":""jsonpath"",""method"":""removal""}],""ldhName"":""dunnesstores.tv"",""unicodeName"":""dunnesstores.tv"",""secureDNS"":{""delegationSigned"":false},""nameservers"":[{""objectClassName"":""nameserver"",""handle"":""H973FB5BC1CA14E2DA69A640AE7CA40D4-ARI"",""links"":[{""value"":""https://rdap.nic.tv/nameserver/ns1.blacknight.com"",""rel"":""self"",""href"":""https://rdap.nic.tv/nameserver/ns1.blacknight.com"",""title"":""Authoritative Registry object record"",""type"":""application/rdap+json""}],""events"":[{""eventAction"":""registration"",""eventActor"":""Tucows Domains Inc."",""eventDate"":""2014-03-10T23:11:34Z""}],""status"":[""associated""],""ldhName"":""ns1.blacknight.com""},{""objectClassName"":""nameserver"",""handle"":""H4F95A0C73F8A488AB263F96B21A99B41-ARI"",""links"":[{""value"":""https://rdap.nic.tv/nameserver/ns2.blacknight.com"",""rel"":""self"",""href"":""https://rdap.nic.tv/nameserver/ns2.blacknight.com"",""title"":""Authoritative Registry object record"",""type"":""application/rdap+json""}],""events"":[{""eventAction"":""registration"",""eventActor"":""Tucows Domains Inc."",""eventDate"":""2014-03-10T23:11:38Z""}],""status"":[""associated""],""ldhName"":""ns2.blacknight.com""},{""objectClassName"":""nameserver"",""handle"":""H60396273368141C8A94E74D577DD49D9-ARI"",""links"":[{""value"":""https://rdap.nic.tv/nameserver/ns4.blacknight.com"",""rel"":""self"",""href"":""https://rdap.nic.tv/nameserver/ns4.blacknight.com"",""title"":""Authoritative Registry object record"",""type"":""application/rdap+json""}],""events"":[{""eventAction"":""registration"",""eventActor"":""Tucows Domains Inc."",""eventDate"":""2014-08-13T08:33:25Z""}],""status"":[""associated""],""ldhName"":""ns4.blacknight.com""},{""objectClassName"":""nameserver"",""handle"":""H31916D9D83C84A66A9F21CA2A37E4E94-ARI"",""links"":[{""value"":""https://rdap.nic.tv/nameserver/ns3.blacknight.com"",""rel"":""self"",""href"":""https://rdap.nic.tv/nameserver/ns3.blacknight.com"",""title"":""Authoritative Registry object record"",""type"":""application/rdap+json""}],""events"":[{""eventAction"":""registration"",""eventActor"":""Tucows Domains Inc."",""eventDate"":""2014-08-13T08:33:14Z""}],""status"":[""associated""],""ldhName"":""ns3.blacknight.com""}]}",,,,,"ns3.blacknight.com.,ns2.blacknight.com.,ns4.blacknight.com.,ns1.blacknight.com.","{""registration_date"":""2012-03-06T11:18:46Z"",""expiration_date"":""2029-03-06T11:18:46Z"",""updated_on"":""2026-01-24T09:40:36Z"",""status_codes"":[""ClientTransferProhibited""],""registrar"":""Blacknight Internet Solutions Ltd."",""registrar_iana_id"":""1448"",""registrar_abuse_contact"":""N/A"",""url"":""https://rdap.nic.tv/domain/dunnesstores.tv"",""server"":null,""nameservers"":[""ns1.blacknight.com"",""ns2.blacknight.com"",""ns4.blacknight.com"",""ns3.blacknight.com""],""dnssec_status"":""Unsigned"",""delegation_signer"":null,""privacy_proxy"":null,""icann_complaint_link"":""https://icann.org/wicf"",""reseller"":""N/A"",""timeline"":[{""Registration"":""2012-03-06T11:18:46Z""},{""Expiration"":""2029-03-06T11:18:46Z""},{""LastChanged"":""2026-01-24T09:40:36Z""}]}","{""domain"":""dunnesstores.tv"",""status"":""active"",""tags"":""country geo"",""zone"":""tv"",""scope"":null,""offers"":[]}",null
dunnesstoresgrocery.com,FauxTld,7,"104.16.210.238,104.16.211.238,2606:4700::6810:d3ee,2606:4700::6810:d2ee",",,,",",,,","13335,13335,,","Cloudflare, Inc.,Cloudflare, Inc.,,",cloudflare,"Cloudflare,Cloudflare Bot Management",0.0065975073,0.006401569,0.98700094,"{""rdapConformance"":[""rdap_level_0"",""icann_rdap_technical_implementation_guide_1"",""icann_rdap_response_profile_1""],""notices"":[{""title"":""Terms of Service"",""description"":[""Service subject to Terms of Use.""],""links"":[{""value"":""https://rdap.verisign.com/com/v1/domain/dunnesstoresgrocery.com"",""rel"":""terms-of-service"",""href"":""https://www.verisign.com/domain-names/registration-data-access-protocol/terms-service/index.xhtml"",""type"":""text/html""}]},{""title"":""Status Codes"",""description"":[""For more information on domain status codes, please visit https://icann.org/epp""],""links"":[{""href"":""https://icann.org/epp"",""type"":""text/html""}]},{""title"":""RDDS Inaccuracy Complaint Form"",""description"":[""URL of the ICANN RDDS Inaccuracy Complaint Form: https://icann.org/wicf""],""links"":[{""value"":""https://rdap.verisign.com/com/v1/domain/dunnesstoresgrocery.com"",""rel"":""help"",""href"":""https://icann.org/wicf"",""type"":""text/html""}]}],""objectClassName"":""domain"",""handle"":""2566801965_DOMAIN_COM-VRSN"",""links"":[{""value"":""https://rdap.verisign.com/com/v1/domain/DUNNESSTORESGROCERY.COM"",""rel"":""self"",""href"":""https://rdap.verisign.com/com/v1/domain/DUNNESSTORESGROCERY.COM"",""type"":""application/rdap+json""},{""value"":""https://rdap.blacknight.com/domain/DUNNESSTORESGROCERY.COM"",""rel"":""related"",""href"":""https://rdap.blacknight.com/domain/DUNNESSTORESGROCERY.COM"",""type"":""application/rdap+json""}],""events"":[{""eventAction"":""registration"",""eventDate"":""2020-10-19T10:52:03Z""},{""eventAction"":""expiration"",""eventDate"":""2030-10-19T10:52:03Z""},{""eventAction"":""last changed"",""eventDate"":""2020-10-20T11:01:29Z""},{""eventAction"":""last update of RDAP database"",""eventDate"":""2026-05-02T14:24:44Z""}],""status"":[""client transfer prohibited""],""entities"":[{""objectClassName"":""entity"",""handle"":""1448"",""links"":[{""value"":""https://rdap.blacknight.com/"",""rel"":""about"",""href"":""http://www.blacknight.com"",""type"":""text/html""}],""entities"":[{""objectClassName"":""entity"",""vcardArray"":[""vcard"",[[""version"",{},""text"",""4.0""],[""fn"",{},""text"",""""],[""tel"",{""type"":""voice""},""uri"",""tel:+353599183072""],[""email"",{},""text"",""abuse@blacknight.com""]]],""roles"":[""abuse""]}],""vcardArray"":[""vcard"",[[""version"",{},""text"",""4.0""],[""fn"",{},""text"",""Blacknight Internet Solutions Ltd.""]]],""roles"":[""registrar""],""publicIds"":[{""type"":""IANA Registrar ID"",""identifier"":""1448""}]}],""ldhName"":""DUNNESSTORESGROCERY.COM"",""secureDNS"":{""delegationSigned"":false},""nameservers"":[{""objectClassName"":""nameserver"",""ldhName"":""CLOE.NS.CLOUDFLARE.COM""},{""objectClassName"":""nameserver"",""ldhName"":""JERRY.NS.CLOUDFLARE.COM""}]}","2606:4700::6810:d3ee,2606:4700::6810:d2ee",,"facebook-domain-verification=pfug1rvdkpq12y5fiu4hz9rueq2nls,google-site-verification=rjXvbvw0C09PpMi5ZgiwbA_zLDdupsT-JBTOttmjnzY,v=spf1 ip4:35.232.112.110 ip4:35.188.198.57 ~all",,"jerry.ns.cloudflare.com.,cloe.ns.cloudflare.com.","{""registration_date"":""2020-10-19T10:52:03Z"",""expiration_date"":""2030-10-19T10:52:03Z"",""updated_on"":""2020-10-20T11:01:29Z"",""status_codes"":[""ClientTransferProhibited""],""registrar"":""Blacknight Internet Solutions Ltd."",""registrar_iana_id"":""1448"",""registrar_abuse_contact"":""N/A"",""url"":""https://rdap.verisign.com/com/v1/domain/DUNNESSTORESGROCERY.COM"",""server"":null,""nameservers"":[""CLOE.NS.CLOUDFLARE.COM"",""JERRY.NS.CLOUDFLARE.COM""],""dnssec_status"":""Unsigned"",""delegation_signer"":null,""privacy_proxy"":null,""icann_complaint_link"":""https://icann.org/wicf"",""reseller"":""N/A"",""timeline"":[{""Registration"":""2020-10-19T10:52:03Z""},{""Expiration"":""2030-10-19T10:52:03Z""},{""LastChanged"":""2020-10-20T11:01:29Z""}]}","{""domain"":""dunnesstoresgrocery.com"",""status"":""active"",""tags"":""generic"",""zone"":""com"",""scope"":null,""offers"":[]}","{""domain"":""dunnesstoresgrocery.com"",""status_code"":200,""error"":null,""page_rank_integer"":2,""page_rank_decimal"":2.31,""rank"":""26887888"",""last_updated"":""28th Mar 2026""}"
dunnesstoresinsurance.com,FauxTld,9,185.53.179.126,EU,DE,206834,Team Internet AG,,,,,,"{""rdapConformance"":[""rdap_level_0"",""icann_rdap_technical_implementation_guide_1"",""icann_rdap_response_profile_1""],""notices"":[{""title"":""Terms of Service"",""description"":[""Service subject to Terms of Use.""],""links"":[{""value"":""https://rdap.verisign.com/com/v1/domain/dunnesstoresinsurance.com"",""rel"":""terms-of-service"",""href"":""https://www.verisign.com/domain-names/registration-data-access-protocol/terms-service/index.xhtml"",""type"":""text/html""}]},{""title"":""Status Codes"",""description"":[""For more information on domain status codes, please visit https://icann.org/epp""],""links"":[{""href"":""https://icann.org/epp"",""type"":""text/html""}]},{""title"":""RDDS Inaccuracy Complaint Form"",""description"":[""URL of the ICANN RDDS Inaccuracy Complaint Form: https://icann.org/wicf""],""links"":[{""value"":""https://rdap.verisign.com/com/v1/domain/dunnesstoresinsurance.com"",""rel"":""help"",""href"":""https://icann.org/wicf"",""type"":""text/html""}]}],""objectClassName"":""domain"",""handle"":""1917485482_DOMAIN_COM-VRSN"",""links"":[{""value"":""https://rdap.verisign.com/com/v1/domain/DUNNESSTORESINSURANCE.COM"",""rel"":""self"",""href"":""https://rdap.verisign.com/com/v1/domain/DUNNESSTORESINSURANCE.COM"",""type"":""application/rdap+json""},{""value"":""https://rdap.blacknight.com/domain/DUNNESSTORESINSURANCE.COM"",""rel"":""related"",""href"":""https://rdap.blacknight.com/domain/DUNNESSTORESINSURANCE.COM"",""type"":""application/rdap+json""}],""events"":[{""eventAction"":""registration"",""eventDate"":""2015-04-08T15:05:37Z""},{""eventAction"":""expiration"",""eventDate"":""2027-04-08T15:05:37Z""},{""eventAction"":""last changed"",""eventDate"":""2026-01-19T05:17:06Z""},{""eventAction"":""last update of RDAP database"",""eventDate"":""2026-05-02T14:24:44Z""}],""status"":[""client transfer prohibited""],""entities"":[{""objectClassName"":""entity"",""handle"":""1448"",""links"":[{""value"":""https://rdap.blacknight.com/"",""rel"":""about"",""href"":""http://www.blacknight.com"",""type"":""text/html""}],""entities"":[{""objectClassName"":""entity"",""vcardArray"":[""vcard"",[[""version"",{},""text"",""4.0""],[""fn"",{},""text"",""""],[""tel"",{""type"":""voice""},""uri"",""tel:+353599183072""],[""email"",{},""text"",""abuse@blacknight.com""]]],""roles"":[""abuse""]}],""vcardArray"":[""vcard"",[[""version"",{},""text"",""4.0""],[""fn"",{},""text"",""Blacknight Internet Solutions Ltd.""]]],""roles"":[""registrar""],""publicIds"":[{""type"":""IANA Registrar ID"",""identifier"":""1448""}]}],""ldhName"":""DUNNESSTORESINSURANCE.COM"",""secureDNS"":{""delegationSigned"":false},""nameservers"":[{""objectClassName"":""nameserver"",""ldhName"":""NS1.BLACKNIGHT.COM""},{""objectClassName"":""nameserver"",""ldhName"":""NS2.BLACKNIGHT.COM""},{""objectClassName"":""nameserver"",""ldhName"":""NS3.BLACKNIGHT.COM""},{""objectClassName"":""nameserver"",""ldhName"":""NS4.BLACKNIGHT.COM""}]}",,,,,"ns4.blacknight.com.,ns3.blacknight.com.,ns2.blacknight.com.,ns1.blacknight.com.","{""registration_date"":""2015-04-08T15:05:37Z"",""expiration_date"":""2027-04-08T15:05:37Z"",""updated_on"":""2026-01-19T05:17:06Z"",""status_codes"":[""ClientTransferProhibited""],""registrar"":""Blacknight Internet Solutions Ltd."",""registrar_iana_id"":""1448"",""registrar_abuse_contact"":""N/A"",""url"":""https://rdap.verisign.com/com/v1/domain/DUNNESSTORESINSURANCE.COM"",""server"":null,""nameservers"":[""NS1.BLACKNIGHT.COM"",""NS2.BLACKNIGHT.COM"",""NS3.BLACKNIGHT.COM"",""NS4.BLACKNIGHT.COM""],""dnssec_status"":""Unsigned"",""delegation_signer"":null,""privacy_proxy"":null,""icann_complaint_link"":""https://icann.org/wicf"",""reseller"":""N/A"",""timeline"":[{""Registration"":""2015-04-08T15:05:37Z""},{""Expiration"":""2027-04-08T15:05:37Z""},{""LastChanged"":""2026-01-19T05:17:06Z""}]}","{""domain"":""dunnesstoresinsurance.com"",""status"":""active"",""tags"":""generic"",""zone"":""com"",""scope"":null,""offers"":[]}",null
dunnesstores-insurance.com,FauxTld,10,185.53.179.126,EU,DE,206834,Team Internet AG,,,,,,"{""rdapConformance"":[""rdap_level_0"",""icann_rdap_technical_implementation_guide_1"",""icann_rdap_response_profile_1""],""notices"":[{""title"":""Terms of Service"",""description"":[""Service subject to Terms of Use.""],""links"":[{""value"":""https://rdap.verisign.com/com/v1/domain/dunnesstores-insurance.com"",""rel"":""terms-of-service"",""href"":""https://www.verisign.com/domain-names/registration-data-access-protocol/terms-service/index.xhtml"",""type"":""text/html""}]},{""title"":""Status Codes"",""description"":[""For more information on domain status codes, please visit https://icann.org/epp""],""links"":[{""href"":""https://icann.org/epp"",""type"":""text/html""}]},{""title"":""RDDS Inaccuracy Complaint Form"",""description"":[""URL of the ICANN RDDS Inaccuracy Complaint Form: https://icann.org/wicf""],""links"":[{""value"":""https://rdap.verisign.com/com/v1/domain/dunnesstores-insurance.com"",""rel"":""help"",""href"":""https://icann.org/wicf"",""type"":""text/html""}]}],""objectClassName"":""domain"",""handle"":""1917485481_DOMAIN_COM-VRSN"",""links"":[{""value"":""https://rdap.verisign.com/com/v1/domain/DUNNESSTORES-INSURANCE.COM"",""rel"":""self"",""href"":""https://rdap.verisign.com/com/v1/domain/DUNNESSTORES-INSURANCE.COM"",""type"":""application/rdap+json""},{""value"":""https://rdap.blacknight.com/domain/DUNNESSTORES-INSURANCE.COM"",""rel"":""related"",""href"":""https://rdap.blacknight.com/domain/DUNNESSTORES-INSURANCE.COM"",""type"":""application/rdap+json""}],""events"":[{""eventAction"":""registration"",""eventDate"":""2015-04-08T15:05:37Z""},{""eventAction"":""expiration"",""eventDate"":""2027-04-08T15:05:37Z""},{""eventAction"":""last changed"",""eventDate"":""2026-01-19T05:17:14Z""},{""eventAction"":""last update of RDAP database"",""eventDate"":""2026-05-02T14:24:44Z""}],""status"":[""client transfer prohibited""],""entities"":[{""objectClassName"":""entity"",""handle"":""1448"",""links"":[{""value"":""https://rdap.blacknight.com/"",""rel"":""about"",""href"":""http://www.blacknight.com"",""type"":""text/html""}],""entities"":[{""objectClassName"":""entity"",""vcardArray"":[""vcard"",[[""version"",{},""text"",""4.0""],[""fn"",{},""text"",""""],[""tel"",{""type"":""voice""},""uri"",""tel:+353599183072""],[""email"",{},""text"",""abuse@blacknight.com""]]],""roles"":[""abuse""]}],""vcardArray"":[""vcard"",[[""version"",{},""text"",""4.0""],[""fn"",{},""text"",""Blacknight Internet Solutions Ltd.""]]],""roles"":[""registrar""],""publicIds"":[{""type"":""IANA Registrar ID"",""identifier"":""1448""}]}],""ldhName"":""DUNNESSTORES-INSURANCE.COM"",""secureDNS"":{""delegationSigned"":false},""nameservers"":[{""objectClassName"":""nameserver"",""ldhName"":""NS1.BLACKNIGHT.COM""},{""objectClassName"":""nameserver"",""ldhName"":""NS2.BLACKNIGHT.COM""},{""objectClassName"":""nameserver"",""ldhName"":""NS3.BLACKNIGHT.COM""},{""objectClassName"":""nameserver"",""ldhName"":""NS4.BLACKNIGHT.COM""}]}",,,,,"ns2.blacknight.com.,ns3.blacknight.com.,ns4.blacknight.com.,ns1.blacknight.com.","{""registration_date"":""2015-04-08T15:05:37Z"",""expiration_date"":""2027-04-08T15:05:37Z"",""updated_on"":""2026-01-19T05:17:14Z"",""status_codes"":[""ClientTransferProhibited""],""registrar"":""Blacknight Internet Solutions Ltd."",""registrar_iana_id"":""1448"",""registrar_abuse_contact"":""N/A"",""url"":""https://rdap.verisign.com/com/v1/domain/DUNNESSTORES-INSURANCE.COM"",""server"":null,""nameservers"":[""NS1.BLACKNIGHT.COM"",""NS2.BLACKNIGHT.COM"",""NS3.BLACKNIGHT.COM"",""NS4.BLACKNIGHT.COM""],""dnssec_status"":""Unsigned"",""delegation_signer"":null,""privacy_proxy"":null,""icann_complaint_link"":""https://icann.org/wicf"",""reseller"":""N/A"",""timeline"":[{""Registration"":""2015-04-08T15:05:37Z""},{""Expiration"":""2027-04-08T15:05:37Z""},{""LastChanged"":""2026-01-19T05:17:14Z""}]}","{""domain"":""dunnesstores-insurance.com"",""status"":""active"",""tags"":""generic"",""zone"":""com"",""scope"":null,""offers"":[]}",null
dunnesstoresmedia.com,FauxTld,5,185.43.232.251,EU,IE,29550,Team Blue Carrier Limited,openresty,"Nginx,OpenResty",0.02753094,0.3495438,0.6229253,"{""rdapConformance"":[""rdap_level_0"",""icann_rdap_technical_implementation_guide_1"",""icann_rdap_response_profile_1""],""notices"":[{""title"":""Terms of Service"",""description"":[""Service subject to Terms of Use.""],""links"":[{""value"":""https://rdap.verisign.com/com/v1/domain/dunnesstoresmedia.com"",""rel"":""terms-of-service"",""href"":""https://www.verisign.com/domain-names/registration-data-access-protocol/terms-service/index.xhtml"",""type"":""text/html""}]},{""title"":""Status Codes"",""description"":[""For more information on domain status codes, please visit https://icann.org/epp""],""links"":[{""href"":""https://icann.org/epp"",""type"":""text/html""}]},{""title"":""RDDS Inaccuracy Complaint Form"",""description"":[""URL of the ICANN RDDS Inaccuracy Complaint Form: https://icann.org/wicf""],""links"":[{""value"":""https://rdap.verisign.com/com/v1/domain/dunnesstoresmedia.com"",""rel"":""help"",""href"":""https://icann.org/wicf"",""type"":""text/html""}]}],""objectClassName"":""domain"",""handle"":""3057459238_DOMAIN_COM-VRSN"",""links"":[{""value"":""https://rdap.verisign.com/com/v1/domain/DUNNESSTORESMEDIA.COM"",""rel"":""self"",""href"":""https://rdap.verisign.com/com/v1/domain/DUNNESSTORESMEDIA.COM"",""type"":""application/rdap+json""},{""value"":""https://rdapserver.net/domain/DUNNESSTORESMEDIA.COM"",""rel"":""related"",""href"":""https://rdapserver.net/domain/DUNNESSTORESMEDIA.COM"",""type"":""application/rdap+json""}],""events"":[{""eventAction"":""registration"",""eventDate"":""2026-01-14T18:30:45Z""},{""eventAction"":""expiration"",""eventDate"":""2027-01-14T18:30:45Z""},{""eventAction"":""last changed"",""eventDate"":""2026-01-14T18:30:45Z""},{""eventAction"":""last update of RDAP database"",""eventDate"":""2026-05-02T14:24:44Z""}],""status"":[""client transfer prohibited""],""entities"":[{""objectClassName"":""entity"",""handle"":""2906"",""links"":[{""value"":""https://rdapserver.net/"",""rel"":""about"",""href"":""http://www.hostingireland.ie"",""type"":""text/html""}],""entities"":[{""objectClassName"":""entity"",""vcardArray"":[""vcard"",[[""version"",{},""text"",""4.0""],[""fn"",{},""text"",""""],[""tel"",{""type"":""voice""},""uri"",""tel:+353 1 902 0020""],[""email"",{},""text"",""abuse@hostingireland.ie""]]],""roles"":[""abuse""]}],""vcardArray"":[""vcard"",[[""version"",{},""text"",""4.0""],[""fn"",{},""text"",""Team Blue Internet Services IE Limited""]]],""roles"":[""registrar""],""publicIds"":[{""type"":""IANA Registrar ID"",""identifier"":""2906""}]}],""ldhName"":""DUNNESSTORESMEDIA.COM"",""secureDNS"":{""delegationSigned"":false},""nameservers"":[{""objectClassName"":""nameserver"",""ldhName"":""NS1.WEBHOSTINGIRELAND.IE""},{""objectClassName"":""nameserver"",""ldhName"":""NS2.WEBHOSTINGIRELAND.IE""},{""objectClassName"":""nameserver"",""ldhName"":""NS3.WEBHOSTINGIRELAND.IE""},{""objectClassName"":""nameserver"",""ldhName"":""NS4.WEBHOSTINGIRELAND.EU""}]}",,mail.dunnesstoresmedia.com.,,,"ns1.webhostingireland.ie.,ns3.webhostingireland.ie.,ns4.webhostingireland.eu.,ns2.webhostingireland.ie.","{""registration_date"":""2026-01-14T18:30:45Z"",""expiration_date"":""2027-01-14T18:30:45Z"",""updated_on"":""2026-01-14T18:30:45Z"",""status_codes"":[""ClientTransferProhibited""],""registrar"":""Team Blue Internet Services IE Limited"",""registrar_iana_id"":""2906"",""registrar_abuse_contact"":""N/A"",""url"":""https://rdap.verisign.com/com/v1/domain/DUNNESSTORESMEDIA.COM"",""server"":null,""nameservers"":[""NS1.WEBHOSTINGIRELAND.IE"",""NS2.WEBHOSTINGIRELAND.IE"",""NS3.WEBHOSTINGIRELAND.IE"",""NS4.WEBHOSTINGIRELAND.EU""],""dnssec_status"":""Unsigned"",""delegation_signer"":null,""privacy_proxy"":null,""icann_complaint_link"":""https://icann.org/wicf"",""reseller"":""N/A"",""timeline"":[{""Registration"":""2026-01-14T18:30:45Z""},{""Expiration"":""2027-01-14T18:30:45Z""},{""LastChanged"":""2026-01-14T18:30:45Z""}]}","{""domain"":""dunnesstoresmedia.com"",""status"":""active"",""tags"":""generic"",""zone"":""com"",""scope"":null,""offers"":[]}",null
dunnesstoresonline.com,FauxTld,6,"76.223.54.146,13.248.169.48","NA,NA","US,US","16509,16509","Amazon.com, Inc.,Amazon.com, Inc.",,,,,,"{""rdapConformance"":[""rdap_level_0"",""icann_rdap_technical_implementation_guide_1"",""icann_rdap_response_profile_1""],""notices"":[{""title"":""Terms of Service"",""description"":[""Service subject to Terms of Use.""],""links"":[{""value"":""https://rdap.verisign.com/com/v1/domain/dunnesstoresonline.com"",""rel"":""terms-of-service"",""href"":""https://www.verisign.com/domain-names/registration-data-access-protocol/terms-service/index.xhtml"",""type"":""text/html""}]},{""title"":""Status Codes"",""description"":[""For more information on domain status codes, please visit https://icann.org/epp""],""links"":[{""href"":""https://icann.org/epp"",""type"":""text/html""}]},{""title"":""RDDS Inaccuracy Complaint Form"",""description"":[""URL of the ICANN RDDS Inaccuracy Complaint Form: https://icann.org/wicf""],""links"":[{""value"":""https://rdap.verisign.com/com/v1/domain/dunnesstoresonline.com"",""rel"":""help"",""href"":""https://icann.org/wicf"",""type"":""text/html""}]}],""objectClassName"":""domain"",""handle"":""3021005602_DOMAIN_COM-VRSN"",""links"":[{""value"":""https://rdap.verisign.com/com/v1/domain/DUNNESSTORESONLINE.COM"",""rel"":""self"",""href"":""https://rdap.verisign.com/com/v1/domain/DUNNESSTORESONLINE.COM"",""type"":""application/rdap+json""},{""value"":""https://rdap.virtualcloudmanager.com/rdap/domain/DUNNESSTORESONLINE.COM"",""rel"":""related"",""href"":""https://rdap.virtualcloudmanager.com/rdap/domain/DUNNESSTORESONLINE.COM"",""type"":""application/rdap+json""}],""events"":[{""eventAction"":""registration"",""eventDate"":""2025-09-18T18:15:22Z""},{""eventAction"":""expiration"",""eventDate"":""2026-09-18T18:15:22Z""},{""eventAction"":""last changed"",""eventDate"":""2025-09-18T18:20:48Z""},{""eventAction"":""last update of RDAP database"",""eventDate"":""2026-05-02T14:24:44Z""}],""status"":[""client transfer prohibited""],""entities"":[{""objectClassName"":""entity"",""handle"":""609"",""links"":[{""value"":""https://rdap.virtualcloudmanager.com/rdap/"",""rel"":""about"",""href"":""http://sav.com"",""type"":""text/html""}],""entities"":[{""objectClassName"":""entity"",""vcardArray"":[""vcard"",[[""version"",{},""text"",""4.0""],[""fn"",{},""text"",""""],[""tel"",{""type"":""voice""},""uri"",""tel:+1.8723954105""],[""email"",{},""text"",""abuse-contact@sav.com""]]],""roles"":[""abuse""]}],""vcardArray"":[""vcard"",[[""version"",{},""text"",""4.0""],[""fn"",{},""text"",""Sav.com, LLC""]]],""roles"":[""registrar""],""publicIds"":[{""type"":""IANA Registrar ID"",""identifier"":""609""}]}],""ldhName"":""DUNNESSTORESONLINE.COM"",""secureDNS"":{""delegationSigned"":false},""nameservers"":[{""objectClassName"":""nameserver"",""ldhName"":""NS1.AFTERNIC.COM""},{""objectClassName"":""nameserver"",""ldhName"":""NS2.AFTERNIC.COM""}]}",,.,v=spf1 -all,,"ns2.afternic.com.,ns1.afternic.com.","{""registration_date"":""2025-09-18T18:15:22Z"",""expiration_date"":""2026-09-18T18:15:22Z"",""updated_on"":""2025-09-18T18:20:48Z"",""status_codes"":[""ClientTransferProhibited""],""registrar"":""Sav.com, LLC"",""registrar_iana_id"":""609"",""registrar_abuse_contact"":""N/A"",""url"":""https://rdap.verisign.com/com/v1/domain/DUNNESSTORESONLINE.COM"",""server"":null,""nameservers"":[""NS1.AFTERNIC.COM"",""NS2.AFTERNIC.COM""],""dnssec_status"":""Unsigned"",""delegation_signer"":null,""privacy_proxy"":null,""icann_complaint_link"":""https://icann.org/wicf"",""reseller"":""N/A"",""timeline"":[{""Registration"":""2025-09-18T18:15:22Z""},{""Expiration"":""2026-09-18T18:15:22Z""},{""LastChanged"":""2025-09-18T18:20:48Z""}]}","{""domain"":""dunnesstoresonline.com"",""status"":""marketed priced active"",""tags"":""generic"",""zone"":""com"",""scope"":null,""offers"":[{""currency"":""USD"",""price"":""4888.00"",""vendor"":""am.godaddy.com""},{""currency"":""USD"",""price"":""4888.00"",""vendor"":""sedo.com""}]}",null
